id2,id,lat_lon,bathrooms,bedrooms,buildingID,created,displayAddress,price,address,lat,long
1,4,"-73.9539,40.7108",1,1,8579a0b0d54db803821a35a4a615e97a,6/16/16 5:55,145 Borinquen Place,2400,145 Borinquen Place,-73.9539,40.7108
2,6,"-73.9722,40.7513",1,2,b8e75fc949a6cd8225b455648a951712,6/1/16 5:44,East 44th,3800,230 East 44th,-73.9722,40.7513
3,9,"-73.9625,40.7575",1,2,cd759a988b8f23924b5a2058d5ab2b49,6/14/16 15:19,East 56th Street,3495,405 East 56th Street,-73.9625,40.7575
4,10,"-73.9425,40.7145",1.5,3,53a5b119ba8f7b61d4e010512e0dfc85,6/24/16 7:54,Metropolitan Avenue,3000,792 Metropolitan Avenue,-73.9425,40.7145
5,15,"-73.9743,40.7439",1,0,bfb9405149bfff42a92980b594c28234,6/28/16 3:50,East 34th Street,2795,340 East 34th Street,-73.9743,40.7439
6,16,"-73.9865,40.7348",1,3,300d27d8ba2adbcbc8c6f2bcbc1c6f9d,6/28/16 5:59,East 16th Street,7200,145 East 16th Street,-73.9865,40.7348
7,18,"-73.9826,40.7302",2,3,0d01cabe55fa5192cdbcabd5c585c1ea,6/8/16 6:21,East 13th Street,6000,410 East 13th Street,-73.9826,40.7302
8,19,"-73.9467,40.7769",1,0,d48767c37a934daaf0bbb0e58c755d0c,6/5/16 5:28,York Avenue,1945,1661 York Avenue,-73.9467,40.7769
9,23,"-73.9811,40.7346",0,1,d1ca33a2853e64fad6e4009d5d5d168f,6/9/16 4:42,E 19 Street,2435,346 E 19 Street,-73.9811,40.7346
10,32,"-73.9943,40.699",3,3,5f35dc2f0191baf109221752e6ee0c48,6/28/16 3:26,Hicks Street,6850,94 Hicks Street,-73.9943,40.699
11,33,"-73.951,40.7723",1,0,e74f18ba1001ceae531209fbdc702a58,6/4/16 2:21,"E 80th St.
",2785,"420 E 80th St.
",-73.951,40.7723
12,36,"-73.9959,40.753",1,2,d0234abbc01a982d54e8d446acc03405,6/1/16 2:51,W 34 St.,3100,360 W 34 St.,-73.9959,40.753
13,38,"-73.999,40.761",1,0,2787598123c55dbf45b514958909c79c,6/25/16 5:28,West 42nd Street,2400,620 West 42nd Street,-73.999,40.761
14,39,"-74,40.7277",1,1,bbc28059df5e21c49c103c46743631d4,6/11/16 3:46,Thompson St.,2750,174 Thompson St.,-74,40.7277
15,42,"-73.9596,40.7633",2,2,810ddef9046abe7bd8278944c5809ae8,6/11/16 4:24,E 65 Street,5465,360 E 65 Street,-73.9596,40.7633
16,43,"-73.9665,40.7073",1,0,667d42b4651d26307c3f103a32cdb309,6/20/16 10:14,Division Avenue,3150,63A Division Avenue,-73.9665,40.7073
17,44,"-73.9709,40.7528",1,2,437454e6d44ae7c94f60b1b6507d084a,6/11/16 3:59,E 46 Street,3750,235 E 46 Street,-73.9709,40.7528
18,46,"-73.986,40.736",1,3,720302695e3e7d3d04275cd640fe58e4,6/16/16 7:43,18TH STREET,4450,170 East 18th Street,-73.986,40.736
19,49,"-73.9828,40.783",1,1,530db036533ea851fabd1c5e7b9bc3d0,6/16/16 3:23,W 77 Street,3200,308 W 77 Street,-73.9828,40.783
20,61,"-73.9486,40.7621",1,1,0,6/25/16 1:35,Main Street,2495,576 Main Street,-73.9486,40.7621
21,66,"-73.9754,40.746",1,0,c1bcb85611d81b520a67c0828a9744b2,6/24/16 2:16,2nd Ave,2195,655 2nd Ave,-73.9754,40.746
22,67,"-74.0053,40.7456",2,2,fa21c83e114de7fd5cedff34e93f4f1a,6/10/16 2:44,West 20th Street,5975,460 West 20th Street,-74.0053,40.7456
23,69,"-73.9895,40.7685",1,1,193808f62855020f2112500f8dc5e11a,6/14/16 2:28,West 56th Street,4960,500 West 56th Street,-73.9895,40.7685
24,74,"-73.9817,40.7319",1,1,1edde1c89233fb1b1a38c53e992b0756,6/2/16 2:37,First Ave,3362,252 First Ave,-73.9817,40.7319
25,78,"-73.9496,40.7709",1,1,f4875d036f1792722e87137a13a151b4,6/9/16 5:38,E 79th St,2700,510 E 79th St,-73.9496,40.7709
26,80,"-73.9832,40.7352",2,3,4dbba575a121cf478c8702c4d6edad70,6/20/16 19:09,Second Ave,5500,317 Second Ave,-73.9832,40.7352
27,82,"-74.0048,40.7084",1,2,0,6/5/16 11:31,Cliff Street,5425,Cliff Street,-74.0048,40.7084
28,83,"-73.9509,40.7735",1,2,f5da19cad075e248e88d0dd195bd2077,6/29/16 4:52,East 81st Street,3250,407 East 81st Street,-73.9509,40.7735
29,84,"-73.9576,40.7708",1,0,34c590e88c656abe3fc08b02bfffa9ed,6/29/16 2:40,E 75 Street,2350,242 E 75 Street,-73.9576,40.7708
30,85,"-73.9913,40.7585",1,2,d5f0baa9291f0a7160605019929b288d,6/1/16 3:38,W 43 St.,3395,350 W 43 St.,-73.9913,40.7585
31,87,"-73.9966,40.7223",1,2,644df980fb48947fe4eed6416cbefbee,6/25/16 6:08,Spring St,4000,55 Spring St,-73.9966,40.7223
32,88,"-73.9875,40.7743",1,0,951043fbb2622b2ab0e0623366d9f6dd,6/16/16 3:11,W 64 Street,1495,244 W 64 Street,-73.9875,40.7743
33,89,"-73.9653,40.8031",1,4,cedc1d16357dc7107fe57a08f120891c,6/8/16 6:18,West 109th Street,5200,225 West 109th Street,-73.9653,40.8031
34,92,"-73.9865,40.7185",1,1,79780be1514f645d7e6be99a3de696c5,6/14/16 15:40,Suffolk Street,2900,99 Suffolk Street,-73.9865,40.7185
35,93,"-73.9984,40.645",1,3,bc51f6c095c976c49a28353f5788fe91,6/4/16 6:43,42nd St,2200,830 42nd St,-73.9984,40.645
36,101,"-73.961,40.6455",1,2,3eea9e38e194a173532a496dc2917bdb,6/12/16 13:35,East 19th Street,2475,165 East 19th Street,-73.961,40.6455
37,102,"-73.9932,40.7633",1,1,d87ed33627efac7b4302cf04417a1e44,6/23/16 3:49,Tenth Avenue,2895,697 Tenth Avenue,-73.9932,40.7633
38,104,"-73.9553,40.771",1,0,b6a45520b1b92242a19819c5ed4b554a,6/29/16 3:39,E 76 Street,1750,347 E 76 Street,-73.9553,40.771
39,106,"-73.9398,40.6678",2,3,0,6/24/16 7:55,President St.,3050,1475 President St.,-73.9398,40.6678
40,107,"-73.9811,40.7398",1,0,59bc231f684fdb65e0588e023d229d2e,6/21/16 7:52,E 25th St.,3850,219 E 25th St.,-73.9811,40.7398
41,111,"-73.9227,40.6956",1,3,3d3cce4b83276cf3f9f034420fb6d040,6/19/16 21:39,98 Harman,2400,98 Harman,-73.9227,40.6956
42,113,"-73.9886,40.7751",1,1,d19f4e0bc32610797a7ff5f1737be546,6/24/16 2:43,West End Avenue,3925,101 West End Avenue,-73.9886,40.7751
43,115,"-73.9715,40.7931",1,2,c9918de5bdd95dcef1d51a6ae0bb837e,6/8/16 6:14,Amsterdam Avenue,2795,706 Amsterdam Avenue,-73.9715,40.7931
44,117,"-73.981,40.7287",1,1,0,6/17/16 1:22,East 12th Street,2850,504 East 12th Street,-73.981,40.7287
45,118,"-73.9709,40.7528",1,1,437454e6d44ae7c94f60b1b6507d084a,6/24/16 6:19,East 46th Street,2985,235 East 46th Street,-73.9709,40.7528
46,121,"-73.949,40.7852",1,1,6c7496a3bb3c52054d03f950bfd44e22,6/7/16 3:59,E 96th St.,4400,215 E 96th St.,-73.949,40.7852
47,122,"-74.0069,40.7074",1,1,c94301249b8c09429d329864d58e5b82,6/10/16 2:10,Gold Street,3620,2 Gold Street,-74.0069,40.7074
48,133,"-73.9279,40.7024",3,4,5a759550cd3db433d72dc44248094be2,6/16/16 19:52,228 Jefferson St,4200,228 Jefferson St,-73.9279,40.7024
49,136,"-73.9509,40.7754",2,3,a24a1ce26e1b87141704e6769853b25a,6/14/16 10:33, e 83 ,4995,353 e 83 ,-73.9509,40.7754
50,139,"-73.9582,40.7656",1,0,0,6/16/16 8:13,East 68th Street,1895,357 East 68th Street,-73.9582,40.7656
51,140,"-73.9917,40.7381",3,3,2c6b7b7999605f1c4c6faa496d243289,6/25/16 5:28,5 Ave.,13745,103 5 Ave.,-73.9917,40.7381
52,145,"-74.0079,40.7075",1,1,7795f384b5768b121136a7cec3f22c07,6/26/16 14:25,Financial District (NO FEE),3710,15 cliff st,-74.0079,40.7075
53,146,"-73.9742,40.7959",1,1,c40e3e74475a91aae1928541be8df678,6/11/16 2:11,West 96th Street,3300,323 West 96th Street,-73.9742,40.7959
54,151,"-73.9592,40.7641",1,3,1f31e9001330dad4c202f92dc8ab8724,6/24/16 2:29,E 66 Street,4350,354 E 66 Street,-73.9592,40.7641
55,152,"-73.9518,40.826",1,1,3989b2e8d5eb6cd4ccfc8fa4257b277b,6/1/16 5:01,West 144th Street,2175,612 West 144th Street,-73.9518,40.826
56,158,"-73.9566,40.7474",1,1,049cc87c01ee103027d320c6a25a78b3,6/2/16 3:30,Center Boulevard,2995,4610 Center Boulevard,-73.9566,40.7474
57,161,"-73.9524,40.6765",2,3,b6d782edaffca66cbefee52dbd128f2b,6/3/16 20:27,35 Rogers Ave,2850,35 Rogers Ave,-73.9524,40.6765
58,170,"-73.994,40.7638",1,1,8883f68d1dbad4d5aa32c70cb277714d,6/16/16 2:32,W 48 Street,3100,520 W 48 Street,-73.994,40.7638
59,171,"-74.0035,40.7396",1,0,0,6/16/16 3:32,305 West 13th Street,2850,305 West 13th Street,-74.0035,40.7396
60,181,"-73.9617,40.7617",1,0,7259f2d484b9103a1bf9f78c015e969d,6/2/16 4:35,E 62 St.,2065,342 E 62 St.,-73.9617,40.7617
61,182,"-73.9826,40.6633",1,1,c5c8e0a3ce6c25ab4c72eb2ada909914,6/29/16 4:58,14th Street,2050,411 14th Street,-73.9826,40.6633
62,186,"-73.9746,40.7434",1,1,2ac8c0b8e176dba6b86606e35b1b463d,6/10/16 5:11,East 33rd Street,3000,377 East 33rd Street,-73.9746,40.7434
63,192,"-73.9837,40.7783",1,1,12ffe84a07069e13c240318a44f8d32a,6/15/16 4:49,West 71st Street,3510,228 West 71st Street,-73.9837,40.7783
64,194,"-73.9782,40.7749",1,0,21132562a5cee9d65d821ab34891fabf,6/23/16 4:05,W 69 Street,2200,19 W 69 Street,-73.9782,40.7749
65,200,"-74.0148,40.7182",1,0,8994778bc2a2ca65aa25030c2c0ec9de,6/25/16 4:02,River Terrace,3650,41 River Terrace,-74.0148,40.7182
66,204,"-73.9563,40.7681",1,0,66fdfaf27322e8152a14829fa6ddd1a5,6/27/16 2:56,E 72nd St.,2547,355 E 72nd St.,-73.9563,40.7681
67,205,"-73.9973,40.7606",1,0,2f3305dcb40c1eb0dab60a50961e2e25,6/26/16 3:01,West 42nd Street,2950,529 West 42nd Street,-73.9973,40.7606
68,206,"-73.9806,40.7221",1,2,2ed66e0aa102aa85e24e877f944022df,6/12/16 9:59,Avenue C,3200,43 Avenue C,-73.9806,40.7221
69,208,"-73.9235,40.7689",1.5,2,fc4a54a488351714ff5ec135f7c0c60b,6/10/16 2:14,27th St,2500,27-37 27th St,-73.9235,40.7689
70,214,"-73.99,40.7596",1,2,bf7acc01e1a2e227162c9b5a20b3c5ea,6/21/16 7:29,330 W 45 St.,3350,330 W 45 St.,-73.99,40.7596
71,217,"-73.9851,40.7437",1,1,8dbdafdf2f5f3ac31ecd0c41c6858669,6/22/16 3:23,E 28th St,5550,50 E 28th St,-73.9851,40.7437
72,226,"-73.9915,40.7678",1,0,9c18bf871b97492b96d8ddb800591f1b,6/1/16 4:54,West 54th Street,3104,550 West 54th Street,-73.9915,40.7678
73,228,"-73.9772,40.7412",1,1,a01c99eb2cfdde327e1691e17d6696ba,6/9/16 2:45,E 29th St.,3050,340 E 29th St.,-73.9772,40.7412
74,235,"-73.9368,40.7534",1,1,acc934665f09d64b3e915b39c438c7fe,6/4/16 2:33,27-37 27th Street,2075,27-37 27th Street,-73.9368,40.7534
75,236,"-73.9833,40.7246",1,1,57a35b0df15a9be6d35cfb936d903ca7,6/29/16 5:44,East 5th Street,2795,521 East 5th Street,-73.9833,40.7246
76,237,"-73.961,40.8007",1,4,0,6/14/16 12:59,W.109th St,3295,66 W.109th St,-73.961,40.8007
77,241,"-73.9961,40.7191",1,2,7537a2c10abc88d4932ac6721bf28fd3,6/7/16 1:42,Grand Street,4550,212 Grand Street,-73.9961,40.7191
78,244,"-73.9748,40.7481",1,1,9de7a063f2369398857b0cadd3b1586e,6/21/16 7:32,East 39th Street,3500,222 East 39th Street,-73.9748,40.7481
79,245,"-73.9901,40.7601",1,0,7967a1280bf3f7644500fc79d2696b0e,6/20/16 18:46,W 45 Street,1995,341 W 45 Street,-73.9901,40.7601
80,246,"-73.9868,40.7488",1,2,ccc2b5cde5efc6df20b341e1628c8410,6/4/16 6:07,MIDTOWN EAST,4599,35 West 33rd Street,-73.9868,40.7488
81,247,"-74.0001,40.741",3,2,54f7b62733c609b64775285778697c38,6/12/16 11:29,246 W 17th St,10000,246 W 17TH ST,-74.0001,40.741
82,248,"-73.9876,40.771",1,1,47eabdf0346864a6b77b630008efe56d,6/11/16 4:56,W 60 St.,3200,200 W 60 St.,-73.9876,40.771
83,249,"-73.9833,40.7246",1,1,57a35b0df15a9be6d35cfb936d903ca7,6/10/16 2:23,East Village,3195,521 East 5th Street,-73.9833,40.7246
84,251,"-73.9991,40.7606",1,0,2787598123c55dbf45b514958909c79c,6/29/16 6:28,West 42nd Street,2717,610-620 West 42nd Street,-73.9991,40.7606
85,252,"-73.9741,40.7369",1,2,62bc9ba13031f233730102bbe6a73432,6/16/16 2:17,Waterside Plaza,4000,10 Waterside Plaza,-73.9741,40.7369
86,255,"-73.9875,40.7494",0,0,093f64f52a6e43ba5e8f12bec8200554,6/10/16 2:53,50 West 34th Street,2625,50 West 34th Street,-73.9875,40.7494
87,257,"-73.9617,40.7604",1,0,0,6/12/16 9:47,East 60th Street,2500,351 East 60th Street,-73.9617,40.7604
88,262,"-73.9525,40.6533",1,2,4a6b015205c0e84e3c4f4ef4b3fc5576,6/5/16 20:44,735 Rogers Ave,2550,735 Rogers Ave,-73.9525,40.6533
89,263,"-73.9905,40.7673",1,1,95c760c9b037c63bc22b1bbea87d5e69,6/24/16 6:52,West 54th Street,3675,500 West 54th Street,-73.9905,40.7673
90,272,"-73.9824,40.7242",1,2,a9dca4c59b0471f5fb024d69315dd5f6,6/22/16 5:25,East 5th Street,2500,543 East 5th Street,-73.9824,40.7242
91,275,"-73.976,40.7803",1,1,b6e23dcf448fcaef1ded4a4fd869b82d,6/17/16 4:08,West 77th Street,3785,50 West 77th Street,-73.976,40.7803
92,277,"-74.0096,40.7141",2,2,929a5d1d6720055e7d008c987e86d415,6/5/16 2:28,Murray Street,10800,50 Murray Street,-74.0096,40.7141
93,279,"-73.9585,40.7704",1,0,9581303fe278439941d24678295bc383,6/16/16 5:29,E 74th St,2150,232 E 74th St,-73.9585,40.7704
94,280,"-73.9416,40.79",3,3,abb2b16b6783b5cbfd63894f26581576,6/9/16 2:53,314 E 106th St.,2895,314 E 106th St.,-73.9416,40.79
95,282,"-73.9666,40.7555",1,2,6b3fbd289f786a2fdac1bf8aed04060e,6/21/16 5:56,E 52nd St.,3600,324 E 52nd St.,-73.9666,40.7555
96,283,"-73.9865,40.7301",1,0,766241ad10fb6a35b12b03758d86cd5c,6/10/16 5:34,2nd Ave.,3025,166 2nd Ave.,-73.9865,40.7301
97,284,"-73.9817,40.7655",1,0,aa1739dd95a05fe1892f4c18d796a4c4,6/9/16 2:40,W 56 Street,2795,211 W 56 Street,-73.9817,40.7655
98,289,"-73.924,40.8679",1,1,04d9c09943370b4d2ea48a47e44c028c,6/16/16 2:38,W 204 Street,1875,686 W 204 Street,-73.924,40.8679
99,291,"-73.9958,40.753",1,1,0,6/21/16 1:44,West 34th Street,3450,360 West 34th Street,-73.9958,40.753
100,292,"-73.9481,40.7957",1,2,8f837ada8d7ec5d251a369cd5909af7c,6/26/16 3:52,Madison Avenue,2659,1632 Madison Avenue,-73.9481,40.7957
101,293,"-73.983,40.6969",2,2,cb0ecd5356125b546833239efdb154c2,6/21/16 7:24,Gold St.,3895,257 Gold St.,-73.983,40.6969
102,295,"-73.978,40.6721",1,3,63eecb082f20cd8dfc3767eb4950139e,6/28/16 2:14,1st St,3200,441 1st St,-73.978,40.6721
103,296,"-73.9831,40.7377",1,3,a6fb47bf44e73e699b9acf3d8cde48f0,6/22/16 2:23,E 22 St.,5400,210 E 22 St.,-73.9831,40.7377
104,303,"-73.9978,40.7612",2,4,ea9045106c4e1fe52853b6af941f1c69,6/3/16 3:57,W 43 St.,6100,560 W 43 St.,-73.9978,40.7612
105,304,"-73.9022,40.6959",1,3,c148d02e9f5b780ce588569d185e86e9,6/5/16 2:12,Norman St,2600,1636 Norman St,-73.9022,40.6959
106,305,"-73.9503,40.7845",1,1,82add339ac22b95563b3ad8395f1ab9c,6/16/16 7:42,East 95th Street,2700,182 East 95th Street,-73.9503,40.7845
107,309,"-73.9264,40.8631",1,2,b394915d102bd3929a136226750ec218,6/15/16 2:20,Sherman Ave,2400,75 Sherman Ave,-73.9264,40.8631
108,311,"-73.973,40.7848",1,2,39be6a109f77f42e46646beefbbb1388,6/10/16 3:34,Columbus Avenue,2910,491 Columbus Avenue,-73.973,40.7848
109,312,"-73.9938,40.7637",2,2,8883f68d1dbad4d5aa32c70cb277714d,6/9/16 2:26,West 48th Street,4200,520 West 48th Street,-73.9938,40.7637
110,313,"-73.974,40.7538",1,1,ec12b4db154a9c75983f5e32edd93843,6/8/16 4:18,East 46th Street,3000,140 East 46th Street,-73.974,40.7538
111,314,"-73.7142,40.7493",1,2,920cbea4c790314471335c3a64496c9e,6/12/16 12:48,260th St,1900,74-21 260th St,-73.7142,40.7493
112,315,"-74.0081,40.7074",1,1,a6200d7448037cfee809b2451219f879,6/28/16 2:32,Liberty Street,4295,10 Liberty Street,-74.0081,40.7074
113,320,"-73.9929,40.6983",1,1,5afe2b9a096204ebce976e5546be668e,6/28/16 2:12,Pineapple St,2100,75 Pineapple St,-73.9929,40.6983
114,322,"-73.9821,40.6666",1,3,7256ca4f27ac626befefbd9f1ad94e69,6/16/16 18:00,344 7th Ave.,4600,344 7th Ave.,-73.9821,40.6666
115,323,"-73.9466,40.778",1,1,0,6/23/16 1:10,East 89th Street,2795,436 East 89th Street,-73.9466,40.778
116,325,"-73.9243,40.7734",1,3,c6c2832c567185b882af5d5ed5dd9125,6/15/16 2:14,22nd St,2600,25-38 22nd St,-73.9243,40.7734
117,332,"-73.9999,40.7266",1,1,fa7ab808ff4893fac483f1a61d421341,6/28/16 5:21,West Broadway,4300,475 West Broadway,-73.9999,40.7266
118,333,"-73.9969,40.742",1,1,2481aa22a7f71353f64f9605494a0773,6/2/16 2:17,West 20th Street,5005,180 West 20th Street,-73.9969,40.742
119,335,"-74.0014,40.7261",1,2,b2cc0f022ed6e0909559b6f4ea2c93df,6/29/16 17:47,At Thompson St ,3045,132 Thompson St #20,-74.0014,40.7261
120,336,"-73.945,40.8217",1,2,d4ed4ffe1f38771b2bdb7a1a5f5df6a7,6/29/16 3:37,Edgecombe Ave.,1950,145 Edgecombe Ave.,-73.945,40.8217
121,337,"-73.9834,40.7243",1,3,77584ed6ca5942bca6997d16af5a7e9d,6/8/16 6:37,E 5th St.,5500,522 E 5th St.,-73.9834,40.7243
122,338,"-73.952,40.7748",2,2,faa12ebce0701ddfc85cb4141cf7d9da,6/16/16 3:09,E 82 Street,3500,341 E 82 Street,-73.952,40.7748
123,340,"-73.9847,40.7637",1,1,93cd24891f8423d45ac587ab1fdb1225,6/21/16 4:42,8 Ave.,3000,888 8 Ave.,-73.9847,40.7637
124,341,"-73.9932,40.7633",1,1,d87ed33627efac7b4302cf04417a1e44,6/7/16 5:02,Tenth Avenue,2895,697 Tenth Avenue,-73.9932,40.7633
125,343,"-73.983,40.6969",1,1,0,6/27/16 1:27,Gold Street,2950,257 Gold Street,-73.983,40.6969
126,344,"-73.9634,40.799",1,0,44b809a6fea4fcd29e884e6fcb86f158,6/3/16 3:48,Columbus Ave,1900,928 Columbus Ave,-73.9634,40.799
127,348,"-73.8987,40.6981",1,2,0f77cedb7f819efe6de9cd3b58fc5ffe,6/15/16 5:02,Summerfield St,1700,18-16 Summerfield St,-73.8987,40.6981
128,351,"-73.9833,40.7113",1,2,8dad3e05b16cacd8f06d248d6dea7118,6/8/16 3:49,Water Street,3100,200 Water Street,-73.9833,40.7113
129,355,"-73.9478,40.773",1,3,54d646099ec8e40d1b9d42617f72f3e8,6/27/16 2:34,E 82nd St,3400,519 E 82nd St,-73.9478,40.773
130,356,"-74.0014,40.7419",2,3,69f0f69aa4a454388d431a241ceb6aa5,6/25/16 3:22,W 17 Street,6000,301 W 17 Street,-74.0014,40.7419
131,359,"-73.943,40.8327",1,3,d82a0ad657331e9de8ee5baa4f80ad81,6/6/16 17:10,W 156th St. ,2800,515 W 156th St. ,-73.943,40.8327
132,360,"-74.005,40.7304",2,3,7fc3d83f87d68f32d78c6ea4bfc41a0f,6/10/16 5:37,Leroy Street,5295,51 Leroy Street,-74.005,40.7304
133,361,"-73.9528,40.8233",4,4,0,6/10/16 14:52,140th and Broadway,4295,140th and Broadway,-73.9528,40.8233
134,362,"-73.9092,40.6945",0,3,ac9e64a7721b09d0b3ed9715d739d306,6/12/16 11:42,Hancock St,2400,1339 Hancock St,-73.9092,40.6945
135,365,"-74.0099,40.7066",1,0,c94301249b8c09429d329864d58e5b82,6/11/16 18:30,Financial District,2900,2 Gold,-74.0099,40.7066
136,370,"-73.9704,40.7575",1,0,6ec2b381351516e04982ebcf6d37ddf5,6/2/16 17:20,E 52nd St. ,2090,155 E 52nd St. ,-73.9704,40.7575
137,373,"-73.9838,40.7586",1,2,18f6eb16d2f3e9885cb4a5d0a40791c6,6/27/16 2:43,W 47th St,3400,150 W 47th St,-73.9838,40.7586
138,374,"-73.9469,40.7773",1,1,f9fcf771a66999dab0500eaec81f9dd6,6/26/16 3:56,E 88th St,3150,444 E 88th St,-73.9469,40.7773
139,375,"-73.9759,40.7898",3,3,672953d4fa08c4970d675643418b1f8b,6/2/16 2:11,West 88th Street,8500,255 West 88th Street,-73.9759,40.7898
140,377,"-73.9892,40.6812",1,1,d0f6935754fdeadccddf1ce0edd9c2bf,6/23/16 2:17,476 Degraw Street,2195,476 Degraw Street,-73.9892,40.6812
141,379,"-73.9812,40.7432",1,1,cf92b6b6890ec7561bcaa54a554344fa,6/1/16 1:40,East 29th Street,2950,137 East 29th Street,-73.9812,40.7432
142,380,"-73.9539,40.8031",1,2,15ac03d9b65fe93a3b1f1dd48310ae5a,6/29/16 2:56,W 115th Street,3000,213 W 115th Street,-73.9539,40.8031
143,381,"-73.9827,40.7376",3,4,e27d19690caf5007e2c7723a280c101d,6/24/16 2:27,East 22nd Street,8100,220 East 22nd Street,-73.9827,40.7376
144,383,"-73.9786,40.7299",2,5,e0688ada7951861fdfcdf0173d6949d9,6/7/16 5:36,East 14th Street,7477,535 East 14th Street,-73.9786,40.7299
145,386,"-73.9578,40.8198",1,3,5565db9b7cba3603834c4aa6f2950960,6/4/16 2:33,Broadway,3150,3333 Broadway,-73.9578,40.8198
146,387,"-73.9536,40.7775",1,3,5793c3a7541c9030b70652abda9cf4f0,6/10/16 5:01,E 85 Street,3778,220 E 85 Street,-73.9536,40.7775
147,390,"-73.9151,40.688",1,1,0,6/12/16 5:24,Bushwick Avenue,2395,1223 Bushwick Avenue,-73.9151,40.688
148,392,"-74.0065,40.7081",2,4,ce6d18bf3238e668b2bf23f4110b7b67,6/16/16 8:27,John Street,4750,100 John Street,-74.0065,40.7081
149,393,"-73.9828,40.6767",1,1,dd35cbc59dafaf39544e55e7159108ef,6/28/16 2:17,593 President Street,2600,593 President Street,-73.9828,40.6767
150,394,"-73.9391,40.8449",1,2,aa88369f320c8d605f1199565cae6a0a,6/8/16 5:35,Beautiful Spacious Renovated Modern Kitchen & Bathroom Elevator Laundry,1900,629 W 173 St.,-73.9391,40.8449
151,396,"-73.9986,40.6936",1,2,0,6/13/16 1:17,Joralemon Street,2600,32 Joralemon Street,-73.9986,40.6936
152,397,"-73.9818,40.7349",1,2,b6dfe32f1823f8095c6ec9c0c9a0d780,6/2/16 2:37,E 19 Street,3030,324 E 19 Street,-73.9818,40.7349
153,398,"-74.0059,40.7075",1,0,0,6/16/16 5:06,John Street,2575,116 John Street,-74.0059,40.7075
154,408,"-74.0036,40.7399",1,0,0,6/16/16 1:37,West 14th Street,2600,316 West 14th Street,-74.0036,40.7399
155,409,"-73.9635,40.7596",1,2,f54dccf9a3ddb28dadd75a16fd2ebaf2,6/25/16 2:55,East 58th Street,4095,329 East 58th Street,-73.9635,40.7596
156,412,"-73.9789,40.714",1.5,3,dc14d0d21e1218120f21305cdce5357b,6/9/16 6:05,Grand,5000,570 Grand,-73.9789,40.714
157,415,"-73.952,40.786",3,3,e8cedeac41c120c460fb3b5cc824e0a1,6/3/16 5:52,East 96th Street,6200,108 East 96th Street,-73.952,40.786
158,417,"-73.9632,40.7631",1,1,7f85c7dbc97860c513a790a2df9dd451,6/3/16 6:10,East 63rd Street,3195,250 East 63rd Street,-73.9632,40.7631
159,419,"-73.9732,40.7866",1,1,b99a586694382a1719764e12cdab489b,6/5/16 2:56,W 86 Street,3800,120 W 86 Street,-73.9732,40.7866
160,424,"-73.9963,40.7606",1,1,67bc2a137a7fcf2e878a79a195f1b614,6/21/16 5:35,W 43rd St.,3161,520 W 43rd St.,-73.9963,40.7606
161,425,"-73.9609,40.7619",1,2,b4533d611ded52f7a48cf79b1bd2e6a5,6/3/16 5:58,East 62nd Street,2850,359 East 62nd Street,-73.9609,40.7619
162,437,"-73.9932,40.761",1,0,dc27b929f58916b8c63e8e2462b194a2,6/7/16 5:46,West 45th Street,2595,440 West 45th Street,-73.9932,40.761
163,438,"-73.994,40.765",1,2,c16eac12c0488b513a10a07b8d6e9375,6/10/16 5:06,West 49th Street,2200,539 West 49th Street,-73.994,40.765
164,440,"-73.98,40.7374",1,3,38a2c1c0df2bd907020b9b4e9d01b086,6/4/16 4:23,E 23rd St.,5200,340 E 23rd St.,-73.98,40.7374
165,441,"-73.9654,40.8034",2,2,a777b7c2aae74b8e227e747646f7290b,6/6/16 2:36,514 West 110th Street,4000,514 West 110th Street,-73.9654,40.8034
166,442,"-73.9769,40.7862",1,1,89d6e5831bd261367e37f78d5aa74c46,6/12/16 4:57,215 West 83rd Street,2650,215 West 83rd Street,-73.9769,40.7862
167,444,"-74.0021,40.7253",1,1,0,6/25/16 4:57,Thompson Street,3141,98 Thompson Street,-74.0021,40.7253
168,445,"-73.9202,40.6989",2,3,b267c4849eb4f42b96b0447a4b4dc5f6,6/15/16 16:57,"243 Harman St, Brooklyn, NY 11237, USA",2798,243 Harman St,-73.9202,40.6989
169,446,"-73.9818,40.7284",1,2,0,6/26/16 20:33,EAST VILLAGE! STUNNING 2BR!,2990,E 11 & AVENUE A,-73.9818,40.7284
170,447,"-73.9848,40.7692",1,1,0,6/10/16 4:48,Ninth Ave,2200,Ninth Ave,-73.9848,40.7692
171,449,"-74.0047,40.7332",1,1,4e0f534128bc4b90bbd568d04f37db50,6/29/16 5:51,Christopher Street,2695,98 Christopher Street,-74.0047,40.7332
172,451,"-74.0053,40.7456",2,3,fa21c83e114de7fd5cedff34e93f4f1a,6/3/16 5:52,West 20th Street,7500,460 West 20th Street,-74.0053,40.7456
173,454,"-74.0115,40.715",1,1,547a7e17803c8cfa6e87c29d5a9bd250,6/8/16 5:46,Murray Street,4970,89 Murray Street,-74.0115,40.715
174,458,"-73.9894,40.7673",1,2,0,6/5/16 1:32,Tenth Avenue,3300,818 Tenth Avenue,-73.9894,40.7673
175,465,"-73.986,40.6927",2,2,bd93993052370b66755cb4af017950fc,6/12/16 5:14,Lawrence Street,4590,111 Lawrence Street,-73.986,40.6927
176,466,"-73.969,40.7516",1,0,7bb43faedaa98b0a6d1e8b1195515551,6/1/16 5:40,East 46th Street,2350,330 East 46th Street,-73.969,40.7516
177,471,"-73.9314,40.8554",1,1,25a18d7a81584e6e91b24e3f7bca9125,6/14/16 2:20,Wadsworth Ave ,1650,330 Wadsworth Ave #1J,-73.9314,40.8554
178,472,"-73.9591,40.711",1,2,3caa2c423cef84e69782a2c1a50e377f,6/29/16 3:58,218 South 3rd Street,3025,218 South 3rd Street,-73.9591,40.711
179,473,"-73.9837,40.7783",1,0,12ffe84a07069e13c240318a44f8d32a,6/2/16 2:33,West 71st Street,2550,228 West 71st Street,-73.9837,40.7783
180,474,"-73.9836,40.7798",1,1,d351137eda5d2df701a997ab11a485b9,6/23/16 3:06,W 72 St.,2900,253 W 72 St.,-73.9836,40.7798
181,476,"-74.0047,40.7475",1,0,627c0f3921bcdd657c0c4dae4fb89f4a,6/21/16 1:44,West 23rd Street,3695,500 West 23rd Street,-74.0047,40.7475
182,479,"-73.942,40.7874",2,2,1b7af8bb79c3ce6ef14c661e972e36b8,6/14/16 11:50,E 102 St.,3345,333 E 102 St.,-73.942,40.7874
183,480,"-73.966,40.7942",1,0,a48d2623b784cac7ddb77fc630b33ec8,6/23/16 4:29,Columbus Avenue,3460,795 Columbus Avenue,-73.966,40.7942
184,481,"-73.9457,40.8159",2,2,91a3a7672a0e7c8c1426d68133d5a9cf,6/6/16 15:54,256 WEST 135 ,2575,256 WEST 135 ,-73.9457,40.8159
185,482,"-73.9848,40.7635",1,1,0,6/27/16 1:39,Eighth Avenue,2995,888 Eighth Avenue,-73.9848,40.7635
186,483,"-73.9647,40.8013",1,2,e3cfce48d29404c37f0e8c2d06a80ca1,6/25/16 1:40,Amsterdam Avenue,3200,969 Amsterdam Avenue,-73.9647,40.8013
187,484,"-73.976,40.7476",1.5,2,a412c6b8dd07b2fdb32af6a82a3601de,6/28/16 6:04,East 37th Street,3855,207 East 37th Street,-73.976,40.7476
188,486,"-73.9808,40.7426",1,1,29cf96a6ae28544ba61e975fea547d6c,6/11/16 2:36,East 29th Street,3650,154 East 29th Street,-73.9808,40.7426
189,487,"-73.9839,40.724",2,4,4e05a7aefd53d29424a5a2d3ef5ed8ca,6/14/16 15:24,East 4th Street,5500,203 East 4th Street,-73.9839,40.724
190,490,"-74.0085,40.7387",2,2,a89aa0306d9eab17f6a36c4a01aa6029,6/29/16 6:28,Horatio Street,9500,110 Horatio Street,-74.0085,40.7387
191,491,"-73.9648,40.7535",1,0,221d9b06695b63be60ff4efcdfea0e61,6/11/16 2:54,Beekman Place,1952,20 Beekman Place,-73.9648,40.7535
192,494,"-73.9666,40.7555",1,1,6b3fbd289f786a2fdac1bf8aed04060e,6/11/16 4:32,East 52nd Street,2300,324 East 52nd Street,-73.9666,40.7555
193,498,"-73.9897,40.7337",2,2,9c926bb8e5354ae22f3ebaaa3d1ee282,6/12/16 2:46,4th Ave.,6000,145 4th Ave.,-73.9897,40.7337
194,499,"-73.9521,40.822",1,1,0,6/24/16 3:29,Hamilton Place,1850,35 Hamilton Place,-73.9521,40.822
195,500,"-73.9466,40.6809",1,1,0,6/8/16 5:01,Marcy Avenue,2550,944 Marcy Avenue,-73.9466,40.6809
196,506,"-73.981,40.7287",1,1,7e9fd0dea8ad2c8ac0a1022a1f0d997b,6/12/16 9:52,E 12th St,2850,504 E 12th St,-73.981,40.7287
197,509,"-73.9914,40.7032",1,0,f45ba6d22add6d2c30bb2256dd715901,6/21/16 4:29,Water Street,3156,60 Water Street,-73.9914,40.7032
198,510,"-74.0072,40.7067",1,1,128d4af0683efc5e1eded8dc8044d5e3,6/20/16 18:21,Maiden Lane,2350,100 Maiden Lane,-74.0072,40.7067
199,511,"-73.976,40.7376",1,3,6a4733ecdeab742ebe73bc6d90c37411,6/3/16 6:03,E 25th St.,4400,401 E 25th St.,-73.976,40.7376
200,513,"-73.966,40.8033",1,3,a0ae6572138dc61a0724f5d1f227726d,6/22/16 4:50,W 109 Street,4000,243 W 109 Street,-73.966,40.8033
201,514,"-73.9872,40.7296",1,3,a58c1c98fb50163bdc8abe3137caaffe,6/29/16 5:48,2nd Ave.,58020,151 2nd Ave.,-73.9872,40.7296
202,515,"-73.9512,40.775",1,0,0becc1be5869616bfccf2f941ea4245f,6/2/16 4:12,E 83 Street,1975,354 E 83 Street,-73.9512,40.775
203,518,"-73.9576,40.8034",2,3,0,6/21/16 1:45,Manhattan Avenue,4000,320 Manhattan Avenue,-73.9576,40.8034
204,519,"-73.9659,40.7928",1,2,92eb9815bc5e392fcc6a22d85255ab3b,6/23/16 2:24,W 97 St.,3550,50 W 97 St.,-73.9659,40.7928
205,521,"-73.984,40.7265",1,1,31ec738bab1ef11b692955ed04927b5b,6/13/16 2:52,E 7 St.,3100,127 E 7 St.,-73.984,40.7265
206,529,"-73.955,40.675",1,1,0,6/25/16 1:29,Prospect Place,2050,649 Prospect Place,-73.955,40.675
207,530,"-73.9756,40.789",2,3,4d7c804afea366c666731bee9c56919e,6/29/16 2:33,W 87 St.,7000,247 W 87 St.,-73.9756,40.789
208,534,"-73.9705,40.7977",1,1,c36a17593ab0122f05a8048a8282b1c6,6/21/16 13:27,At  West 100 ,2750,237 West 100 #2r,-73.9705,40.7977
209,535,"-73.9725,40.6767",1,1,40ee12b19ea9313f70cbe930f6fc4442,6/9/16 2:17,200 Sterling Pl,1950,200 Sterling Pl,-73.9725,40.6767
210,536,"-73.9482,40.7811",1,0,d8fdf3d5f42f63709becbb9350e35b06,6/22/16 6:25,E 92 St,1900,312 E 92 St,-73.9482,40.7811
211,537,"-73.9494,40.7813",1,0,6793f5ac1b909db6527abf7a55846135,6/14/16 15:55,2nd Avenue,2275,1751 2nd Avenue,-73.9494,40.7813
212,538,"-73.9838,40.7674",1,1,35784800ca930a77ea64d2e67f001b33,6/12/16 2:52,W 57 Street,3625,315 W 57 Street,-73.9838,40.7674
213,542,"-73.9737,40.7939",1,1,bc4e62116277654d4df66ab77a1152f8,6/9/16 5:54,West End Avenue,2695,700 West End Avenue,-73.9737,40.7939
214,548,"-73.9974,40.7198",1,2,0,6/9/16 1:21,Mulberry Street,3295,163 Mulberry Street,-73.9974,40.7198
215,554,"-73.9628,40.7593",1,1,ac5e14237f6870c8bdf9ca23cb2ca4b2,6/15/16 5:56,351 East 58th Street,2795,351 East 58th Street,-73.9628,40.7593
216,555,"-73.979,40.7285",1,2,16cfc34dec0de98bfad512e489d8878b,6/27/16 5:22,Avenue B,2900,206 Avenue B,-73.979,40.7285
217,557,"-73.9519,40.7832",1,1,383c93a6f4d7977423f183d6f3087d32,6/21/16 5:48,East 92nd Street,2275,159 East 92nd Street,-73.9519,40.7832
218,558,"-73.9893,40.7314",1,3,d987983312541c64297f24b01fe860bd,6/11/16 4:07,E 11th St.,4995,120 E 11th St.,-73.9893,40.7314
219,561,"-73.9863,40.7608",1,1,2a9f8f832398b86f95ad1ae1377fbe1c,6/20/16 12:11, west 48 street,2100,239 west 48 street,-73.9863,40.7608
220,563,"-73.9914,40.7746",2,2,058fa42b13d4a5e9da7d5e736a64cb59,6/1/16 2:10,Riverside Boulevard,9095,60 Riverside Boulevard,-73.9914,40.7746
221,564,"-74.0161,40.7053",1,2,11e1dec9d14b1a9e528386a2504b3afc,6/15/16 2:32,West St.,3420,1 West St.,-74.0161,40.7053
222,567,"-73.9634,40.799",1,2,0,6/11/16 1:20,Columbus Avenue,3200,928 Columbus Avenue,-73.9634,40.799
223,568,"-73.9632,40.7984",1,2,1bd24d2906d981ec60703de71921dd2e,6/21/16 2:55,W 105th St,2595,82 W 105th St,-73.9632,40.7984
224,569,"-73.9957,40.7465",1,0,3545a68ab0a8a5c1cc5985643a8c8954,6/15/16 5:45,260 West 26th Street,3350,260 West 26th Street,-73.9957,40.7465
225,571,"-74.0176,40.7113",1,0,4195414f93a3551d9c3a24b8677c3bdb,6/15/16 2:40,375 South End Avenue,3000,375 South End Avenue,-74.0176,40.7113
226,572,"-73.9884,40.7255",1,2,826fcff7bdea9b58451113ba492304b2,6/9/16 5:21,East 4th Street,3250,108 East 4th Street,-73.9884,40.7255
227,573,"-73.9901,40.7601",1,0,7967a1280bf3f7644500fc79d2696b0e,6/23/16 3:18,W 45 Street,2095,341 W 45 Street,-73.9901,40.7601
228,576,"-73.9572,40.7459",0,0,f5c613ab6bc21f3acc2dbf1d5bbb4ec0,6/21/16 3:11,4720 Center Boulevard,2380,4720 Center Boulevard,-73.9572,40.7459
229,577,"-73.9532,40.7777",1,0,bde4018a1c4f290eb89af695a7a1d644,6/7/16 4:11,East 85th Street,2200,225 East 85th Street,-73.9532,40.7777
230,582,"-73.9846,40.7637",1,0,93cd24891f8423d45ac587ab1fdb1225,6/2/16 6:51,8th Ave.,2650,888 8th Ave.,-73.9846,40.7637
231,585,"-73.9471,40.8273",1,3,60b7f3f89f2863342f5efb1879e21183,6/15/16 6:23,W 148 Street,2950,510 W 148 Street,-73.9471,40.8273
232,587,"-74.0028,40.7429",2,4,38a913e46c94a7f46ddf19b756a9640c,6/1/16 5:29,West 18th Street,7995,350 West 18th Street,-74.0028,40.7429
233,589,"-73.9663,40.755",1,1,d64120032c7c77ed2d3caf743b33201b,6/14/16 15:31,East 51st Street,2950,343 East 51st Street,-73.9663,40.755
234,590,"-73.9677,40.7539",1,1,0,6/12/16 1:32,East 49th Street,3700,333 East 49th Street,-73.9677,40.7539
235,592,"-74.0025,40.7416",1,3,fee4d465932160318364d9d48d272879,6/16/16 6:06,West 16th Street,5695,321 West 16th Street,-74.0025,40.7416
236,597,"-73.9585,40.7722",1,1,5ca068ca6a697c65ee049fd9f1b6966f,6/12/16 2:25,E 76 Street,2700,203 E 76 Street,-73.9585,40.7722
237,598,"-73.9851,40.6887",2,2,8b62a22156d6c3d30de767b5bb88d85f,6/17/16 2:16,Schermerhorn Street,4370,225 Schermerhorn Street,-73.9851,40.6887
238,599,"-73.9776,40.7364",2,2,6d7ecbbf53354963943c333ebcd1a3e1,6/21/16 1:58,440 East 23rd Street,5070,440 East 23rd Street,-73.9776,40.7364
239,600,"-73.9537,40.7768",1,1,0,6/3/16 1:47,East 84th Street,2600,228 East 84th Street,-73.9537,40.7768
240,604,"-73.9484,40.7749",1,2,97c18b274e4e35277712194481c7bef4,6/16/16 22:10,453 East 84 street�,2500,453 East 84 street�,-73.9484,40.7749
241,605,"-73.9528,40.7739",1,0,5946e4ecda0d333735c2b04b5f4ec2e0,6/24/16 2:24,East 81st Street,2400,340 East 81st Street,-73.9528,40.7739
242,607,"-73.9947,40.7252",1,1,0,6/16/16 3:24,Mulberry Street,4675,298 Mulberry Street,-73.9947,40.7252
243,610,"-74.0089,40.7045",1,2,b3b3bb23497fedb4e68dfa182e272bb2,6/6/16 2:50,"Hanover Square
",2995,"10 Hanover Square
",-74.0089,40.7045
244,614,"-73.9799,40.6777",1,1,63e4c39fb478dec74c6e612144ba008b,6/12/16 12:01,Degraw Street,2550,720 degraw Street,-73.9799,40.6777
245,615,"-73.9258,40.7692",1,2,aefe9b26467be61d95284c42538c557d,6/22/16 5:49,"30th Avenue
",2600,"23-15 30th Avenue
",-73.9258,40.7692
246,620,"-73.9736,40.7473",1,1,8e4f9e04fc4c13f457b290fc1618bafa,6/7/16 2:44,E 38 Street,2695,301 E 38 Street,-73.9736,40.7473
247,621,"-73.9779,40.7413",1,3,dd7b281c0dbafc8b53575ab78cca75d4,6/5/16 4:00,2nd Avenue,4300,520 2nd Avenue,-73.9779,40.7413
248,622,"-73.989,40.7597",1,1,a61b2882bb7a66c691471523811b19b8,6/29/16 18:14,West 45th St. and 8th Ave.,2650,305 West 45th St.,-73.989,40.7597
249,623,"-73.9548,40.6697",2,4,0,6/27/16 1:24,Eastern Parkway,4495,410 Eastern Parkway,-73.9548,40.6697
250,624,"-74.0319,40.7274",1,1,879ebf4d205aac05ba667291b5a3b183,6/16/16 2:01,20 River Court,2660,20 River Court,-74.0319,40.7274
251,626,"-73.943,40.8327",1,1,d82a0ad657331e9de8ee5baa4f80ad81,6/16/16 4:15,W 156 Street,1925,515 W 156 Street,-73.943,40.8327
252,629,"-73.9822,40.7318",1,3,1edde1c89233fb1b1a38c53e992b0756,6/1/16 5:23,First Avenue,3860,252 First Avenue,-73.9822,40.7318
253,631,"-73.9805,40.7443",1,2,8fda83b04d0ac71aa9f2495ad85e282e,6/5/16 3:28,East 31st Street,3000,155 East 31st Street,-73.9805,40.7443
254,636,"-73.9757,40.7477",1,1,0a0649cadd4be9785a6d0597150155c2,6/6/16 18:10,East 38th Street & 3rd Avenue,2395,210 East 38th Street,-73.9757,40.7477
255,638,"-73.9921,40.7333",1,0,9be4cefa635fc6487a0effb806e45bc2,6/14/16 12:43,E 12 Street,2850,40 E 12 Street,-73.9921,40.7333
256,640,"-74.0065,40.7081",1,2,ce6d18bf3238e668b2bf23f4110b7b67,6/11/16 6:38,John St,5250,100 John St,-74.0065,40.7081
257,641,"-73.951,40.7823",1,3,cfafe9c4e4ad3d76ca957978a036b167,6/20/16 19:00,Third Avenue,3700,1641 Third Avenue,-73.951,40.7823
258,644,"-73.99,40.7601",1,0,7967a1280bf3f7644500fc79d2696b0e,6/24/16 5:45,West 45th Street,2099,341 West 45th Street,-73.99,40.7601
259,645,"-73.9672,40.7108",1,1,71837b4ee6b510be1c99904681977142,6/9/16 4:58,Broadway,3025,53 Broadway,-73.9672,40.7108
260,647,"-73.9773,40.7909",1,1,149ef193db3f1d70ec4b8f731500907c,6/1/16 4:25,W 89 Street,2975,310 W 89 Street,-73.9773,40.7909
261,648,"-73.9779,40.7466",1,0,0,6/7/16 4:04,East 35th Street,2500,165 East 35th Street,-73.9779,40.7466
262,649,"-74.0109,40.7191",2,2,aa8317c458b54ca213f320059afca150,6/25/16 2:48,Harrison Street,6295,40 Harrison Street,-74.0109,40.7191
263,651,"-73.9722,40.6368",1,0,c77a7a2e563c3f17fd5beeb459704d10,6/21/16 4:50,Ocean Parkway,1675,483 Ocean Parkway,-73.9722,40.6368
264,656,"-73.9669,40.6938",2,2,a6a792d9e51de9933187d5c289f60ec2,6/20/16 18:54,Washington Ave.,5025,163 Washington Ave.,-73.9669,40.6938
265,657,"-74.0018,40.7268",1,2,0,6/4/16 1:21,Sullivan Street,4050,137 Sullivan Street,-74.0018,40.7268
266,658,"-73.9789,40.7247",2,3,7655d3c9cda676d75e7187048f74fc58,6/1/16 5:30,East 8th Street,4950,342 East 8th Street,-73.9789,40.7247
267,659,"-73.956,40.7726",3,4,f3273e3df8345bd238e646bbb289dc60,6/29/16 3:09,E 78 St.,9000,266 E 78 St.,-73.956,40.7726
268,662,"-73.9666,40.6838",1,0,71b36489d5856154783f53af04ff3949,6/21/16 5:22,Clinton Avenue,1825,487 Clinton Avenue,-73.9666,40.6838
269,666,"-73.9538,40.7199",1,1,6257ec70258e72c2f9f32cb92f1d3449,6/4/16 5:54,North 12th Street,2850,210 North 12th Street,-73.9538,40.7199
270,669,"-73.9974,40.7198",1,0,146f5997b7e25b2a3bc85e232829a68f,6/2/16 6:23,Mulberry Street,2195,163 Mulberry Street,-73.9974,40.7198
271,674,"-73.955,40.7087",1,2,bf600e39ba80d1687e3c557a9c5739fc,6/28/16 5:03,Keap Street,3700,331 Keap Street,-73.955,40.7087
272,675,"-73.9597,40.7991",1,0,0,6/16/16 3:32,Central Park West,2650,473 Central Park West,-73.9597,40.7991
273,679,"-73.9667,40.7995",1,1,6ea4560f564f4cc253f9136b7315b939,6/29/16 6:38,906 Amsterdam Avenue,2700,906 Amsterdam Avenue,-73.9667,40.7995
274,681,"-73.8235,40.7663",1,1,885d5c9c2ea87690009f9e008c63e6cc,6/21/16 7:26,34-15 Parsons Boulevard,1800,34-15 Parsons Boulevard,-73.8235,40.7663
275,682,"-73.9662,40.758",1,2,0,5/31/16 22:46,E 55th and 2nd Ave,3000,E 55th and 2nd Ave,-73.9662,40.758
276,685,"-73.9666,40.6838",1,0,71b36489d5856154783f53af04ff3949,6/17/16 3:16,Clinton Avenue,1825,487 Clinton Avenue,-73.9666,40.6838
277,687,"-74.0161,40.7053",1,2,11e1dec9d14b1a9e528386a2504b3afc,6/24/16 4:22,West St.,3100,1 West St.,-74.0161,40.7053
278,692,"-73.9452,40.7766",1,2,865a3a9b14a8fa7079ba08302eb12b40,6/28/16 2:23,E 88th St.,2729,518 E 88th St.,-73.9452,40.7766
279,693,"-73.9475,40.7847",1,1,6da9e6736f3f134beb00588850050256,6/11/16 5:25,E 96 St.,2000,231 E 96 St.,-73.9475,40.7847
280,694,"-73.9481,40.7957",1,2,8f837ada8d7ec5d251a369cd5909af7c,6/3/16 3:06,1632  Madison Avenue,2635,1632  Madison Avenue,-73.9481,40.7957
281,696,"-73.9185,40.6996",1,2,b33d54d96db5678eb189e9e83e498b6f,6/12/16 13:06,Harman Street,2700,294 Harman Street,-73.9185,40.6996
282,699,"-73.9497,40.8051",1,1,2328c6cb05f3cab565e7f3087a0162e7,6/13/16 3:23,W 120,2350,146 W 120,-73.9497,40.8051
283,700,"-73.969,40.7516",1,2,7bb43faedaa98b0a6d1e8b1195515551,6/21/16 5:58,East 46th Street,3495,330 East 46th Street,-73.969,40.7516
284,703,"-73.9982,40.7568",2,3,96274288c84ddd7d5c5d8e425ee75027,6/14/16 15:22,37th St.,4892,505 37th St.,-73.9982,40.7568
285,704,"-73.9476,40.7797",1,0,21c5423afedc40523c57813cedde0e72,6/16/16 6:13,First Avenue,1850,1743 First Avenue,-73.9476,40.7797
286,705,"-73.962,40.6352",1,2,3dc0f0bed46c84bda1a65aae64b427e0,6/29/16 1:27,East 16th Street,1800,613 East 16th Street,-73.962,40.6352
287,706,"-73.8691,40.7271",1,0,ceea2a1e60bf8ca62fd8021eee0c109d,6/12/16 6:50,62nd Road,1425,102-40 62nd Road,-73.8691,40.7271
288,707,"-73.9807,40.6645",1,1,536f7b47add1b7f51f2d2aed653673c7,6/2/16 7:04,11th St.,2300,558 11th St.,-73.9807,40.6645
289,712,"-73.9754,40.7444",1,3,e9ae1ce23f3c4c16e0861b60d69b2a6f,6/24/16 7:19,East 34th Street,5450,300 East 34th Street,-73.9754,40.7444
290,714,"-73.9354,40.7946",1,2,0,6/13/16 1:18,East 114th Street,2100,413 East 114th Street,-73.9354,40.7946
291,715,"-73.981,40.7756",1,0,a051c64c69bb44b7925a02ffac18d6a0,6/23/16 3:05,W 69 Street,1870,116 W 69 Street,-73.981,40.7756
292,716,"-73.9999,40.7278",1,2,f8eee2d6dd7fbf4fe8dd4d42433df69a,6/7/16 6:15,Thompson St,2875,178 Thompson St,-73.9999,40.7278
293,718,"-73.9836,40.7798",1,0,d351137eda5d2df701a997ab11a485b9,6/16/16 3:42,W 72 St.,2300,253 W 72 St.,-73.9836,40.7798
294,720,"-73.9437,40.8374",2,4,0,6/6/16 1:22,Fort Washington Avenue,3400,66-72 Fort Washington Avenue,-73.9437,40.8374
295,725,"-73.9534,40.7838",1,1,8b4babec70084a44f7b14506bd569a77,6/28/16 2:41,E 92 Street,4025,115 E 92 Street,-73.9534,40.7838
296,728,"-73.9687,40.754",1,2,1bd23b115bd053d313d6941cd5ce077d,6/10/16 2:40,E 49 Street,2500,300 E 49 Street,-73.9687,40.754
297,730,"-73.9919,40.7448",1,0,e0d4310c7a987f16b2e555089c5f3e8b,6/28/16 5:52,West 26th Street,3345,100 West 26th Street,-73.9919,40.7448
298,735,"-73.9535,40.7838",1,1,8b4babec70084a44f7b14506bd569a77,6/5/16 2:36,East 92nd Street,3900,115 East 92nd Street,-73.9535,40.7838
299,737,"-73.9822,40.7213",1,0,0,6/1/16 1:11,East 2nd Street,2100,237 East 2nd Street,-73.9822,40.7213
300,740,"-73.9986,40.7296",1,1,5843504300e4f4fd0d68b7dee7a7e558,6/15/16 1:39,Thompson Street,2795,234 THOMPSON Street,-73.9986,40.7296
301,741,"-73.9839,40.776",1,0,9fff5dca9d9a57bc32d9ae17ad38882e,6/18/16 1:38,Amsterdam Ave,3605,170 Amsterdam ave,-73.9839,40.776
302,742,"-74.0016,40.7391",1,1,cfe39edc46a4851c334b937285f6c76d,6/28/16 2:52,W 14th St.,3200,234 W 14th St.,-74.0016,40.7391
303,743,"-73.9999,40.7297",1,0,4c1e8ced783eb4f3c16af92132234f76,6/24/16 3:51,Sullivan Street,2195,224 Sullivan Street,-73.9999,40.7297
304,747,"-73.9971,40.7439",1,0,0,6/4/16 1:23,West 22nd Street,2600,235 West 22nd Street,-73.9971,40.7439
305,749,"-73.99,40.7601",1,0,7967a1280bf3f7644500fc79d2696b0e,6/14/16 15:23,W 45th St,2150,341 W 45th St,-73.99,40.7601
306,754,"-73.9772,40.7412",1,2,a01c99eb2cfdde327e1691e17d6696ba,6/16/16 8:26,East 29th Street,3300,340 East 29th Street,-73.9772,40.7412
307,757,"-73.969,40.7516",1,0,7bb43faedaa98b0a6d1e8b1195515551,6/22/16 5:44,E 46th St,2400,330 E 46th St,-73.969,40.7516
308,761,"-73.9892,40.7282",1,2,9a66a4682c43ff01758518b6a23c4dde,6/21/16 1:35,East 7th Street,2400,32 East 7th Street,-73.9892,40.7282
309,762,"-73.9982,40.7568",1,1,96274288c84ddd7d5c5d8e425ee75027,6/8/16 4:32,W 37th St.,3395,505 W 37th St.,-73.9982,40.7568
310,764,"-73.9566,40.7704",1,1,67da189c736c7a3869ba9c98425ea254,6/9/16 3:41,East 75th Street,3895,300 East 75th Street,-73.9566,40.7704
311,766,"-73.993,40.7559",1,1,0,6/11/16 2:57,Crystal Green 330 West 39th St,4195,Crystal Green 330 West 39th St,-73.993,40.7559
312,770,"-73.9964,40.7624",2,1,d6c345de3f342d611ea0dd21eabe68e2,6/24/16 5:02,W 45 Street,3545,550 W 45 Street,-73.9964,40.7624
313,772,"-74.0026,40.7512",1,1,6289dd7229f0d3b87254860764be70ab,6/3/16 3:50,West 28th Street,3595,525 West 28th Street,-74.0026,40.7512
314,773,"-73.9885,40.7396",1,0,0,6/1/16 4:47,East 21st Street,2550,31 East 21st Street,-73.9885,40.7396
315,776,"-73.9092,40.7579",1,3,1064e73b10391e80a529a39dbc414a55,6/7/16 2:12,31st Ave,2700,49-15 31st Ave,-73.9092,40.7579
316,778,"-74.0104,40.7051",1,2,6f72525610dc82c4a486fc423637652f,6/10/16 16:12,75 Wall st,4850,75 Wall st,-74.0104,40.7051
317,783,"-73.9766,40.7808",1,0,0,6/3/16 1:28,West 77th Street,2100,101 West 77th Street,-73.9766,40.7808
318,786,"-73.957,40.6867",1,3,076687fb5654fd156ebd230e34a10bea,6/12/16 1:20, Franklin Avenue,2600,360  Franklin Avenue,-73.957,40.6867
319,788,"-73.9735,40.6895",2,5,0e87b6503ffdbc142da72441bd23016b,6/10/16 3:15,163 Dekalb Avenue,7995,163 Dekalb Avenue,-73.9735,40.6895
320,791,"-73.9818,40.7468",1,1,0,6/23/16 1:25,Park Avenue,2900,4 Park Avenue,-73.9818,40.7468
321,798,"-73.9742,40.796",1,2,c40e3e74475a91aae1928541be8df678,6/14/16 2:22,W 96 St.,3450,323 W 96 St.,-73.9742,40.796
322,801,"-73.9585,40.7704",1,2,9581303fe278439941d24678295bc383,6/10/16 5:34,East 74th Street,2950,232 East 74th Street,-73.9585,40.7704
323,806,"-73.963,40.7561",2,2,4139d5f76666be7dc0912bc0b30874df,6/23/16 21:08,415 east 54 st,6000,415 east 54 st,-73.963,40.7561
324,807,"-74.0122,40.7074",1,1,f948a1e1e0900e17aa9d002da3d7d453,6/4/16 6:00,Broadway,2675,71 Broadway,-74.0122,40.7074
325,809,"-73.9669,40.7919",1,3,fe3936505d750c50f609b65beeb10cb1,6/25/16 2:51,East 95th Street,3795,55 East 95th Street,-73.9669,40.7919
326,810,"-73.9805,40.7399",1,0,5a2ae43255e70098eba3127f169253f7,6/9/16 3:44,E 26 Street,1850,228 E 26 Street,-73.9805,40.7399
327,812,"-74.0029,40.7465",1.5,2,52559fd77cdc53fb651915cd3a666d8e,6/12/16 13:36,West 22nd Street,4600,437 West 22nd Street,-74.0029,40.7465
328,813,"-73.9905,40.7656",1,2,e482d728d02f2eccf995c09a12cdbeb5,6/1/16 2:27,W 52 Street,3875,458 W 52 Street,-73.9905,40.7656
329,815,"-74.0018,40.7388",1,2,c3ba40552e2120b0acfc3cb5730bb2aa,6/16/16 3:30,W 13 Street,4250,241 W 13 Street,-74.0018,40.7388
330,816,"-73.993,40.6972",2,2,20afcdf56864c245102688d37c831d54,6/14/16 15:37,115 Henry Street,4708,115 Henry Street,-73.993,40.6972
331,818,"-73.996,40.7197",1,0,a26dc6b0877e3fab8b4594d3d4bf9b83,6/15/16 6:21,164 Mott Street,1800,164 Mott Street,-73.996,40.7197
332,820,"-73.9655,40.8026",1,3,88fbe25b4727f3bcf825f4b38bb296cd,6/8/16 3:21,West 109th Street,4200,214 West 109th Street,-73.9655,40.8026
333,821,"-73.9902,40.7733",1,2,901c2202639455decb51f3224fa68a58,6/29/16 4:24,Wea,3100,33 Wea,-73.9902,40.7733
334,822,"-73.9832,40.7319",1,3,f39ceb086e28db31a94e22a3a1c687cd,6/20/16 18:43,E 14th St.,3500,333 E 14th St.,-73.9832,40.7319
335,828,"-73.9779,40.7413",2,4,dd7b281c0dbafc8b53575ab78cca75d4,6/21/16 6:22,2nd Ave.,6295,520 2nd Ave.,-73.9779,40.7413
336,833,"-73.9874,40.7743",1,1,0,6/16/16 1:42,West 64th Street,2155,244 West 64th Street,-73.9874,40.7743
337,836,"-73.9879,40.7653",1,2,264bef84f39bcb662f7c4b7a1adce995,6/28/16 3:24,Ninth Avenue,3000,793 Ninth Avenue,-73.9879,40.7653
338,839,"-73.9371,40.8557",1,2,48e7a64331eeb05ac07b7e26caf2eb12,6/7/16 3:33,Fort Washington Ave,2275,615 Fort Washington Ave,-73.9371,40.8557
339,840,"-73.9798,40.7418",1,2,636d75aff077212fe787dff185601983,6/14/16 12:02,E 28 Street,4295,219 E 28 Street,-73.9798,40.7418
340,841,"-73.9906,40.7626",1,1,04f5b303e487287cd749a5a3073a4d4e,6/26/16 2:25,W 48 Street,2400,411 W 48 Street,-73.9906,40.7626
341,843,"-74.0096,40.7064",1,2,1be9c496f7bdff4a552e3d4e91f915f8,6/1/16 5:22,Wall St.,3350,45 Wall St.,-74.0096,40.7064
342,845,"-73.9838,40.77",2,2,9a70ff022426e2e04c8dc43f6afaf426,6/10/16 4:18,W 60th St.,5795,45 W 60th St.,-73.9838,40.77
343,846,"-73.9826,40.7302",1,3,0d01cabe55fa5192cdbcabd5c585c1ea,6/22/16 13:36,410 East 13th Street,5195,410 East 13th Street,-73.9826,40.7302
344,847,"-73.989,40.7482",1,1,750d1d887503a36088be8f58f15aa2fe,6/16/16 5:37,Sixth Avenue,3800,885 Sixth Avenue,-73.989,40.7482
345,849,"-73.9742,40.7476",1,1,33cb6d68d0bc7e897265a9138c948fc3,6/9/16 2:28,Second Avenue,2325,711 Second Avenue,-73.9742,40.7476
346,850,"-73.9513,40.7594",1,2,d021acd351fec956daded92c1891b35f,6/14/16 15:57,Main Street,4195,480 Main Street,-73.9513,40.7594
347,852,"-74.0026,40.7512",1,1,6289dd7229f0d3b87254860764be70ab,6/16/16 2:56,West 28th Street,3595,525 West 28th Street,-74.0026,40.7512
348,858,"-73.9789,40.7425",1,1,297160caf8a88c10718b492d4672c6b4,6/25/16 3:39,East 30th Street,3095,230 East 30th Street,-73.9789,40.7425
349,859,"-74.0047,40.7334",1,1,75968833fe814f3a5236959790fb4984,6/9/16 4:10,Christopher Street,5550,95 Christopher Street,-74.0047,40.7334
350,862,"-73.9683,40.7984",1,1,481539312bfaeaca7957ec94cc78e783,6/14/16 12:46,W 102 Street,1800,209 W 102 Street,-73.9683,40.7984
351,863,"-74.0044,40.7318",1,1,0,6/13/16 1:24,Commerce Street,2975,19 Commerce Street,-74.0044,40.7318
352,865,"-73.9802,40.7464",1,3,14ad2afd9e6a05d708e2982bfd88993b,6/17/16 2:28,E 34 St.,5300,120 E 34 St.,-73.9802,40.7464
353,866,"-74.0122,40.7074",1,1,f948a1e1e0900e17aa9d002da3d7d453,6/28/16 1:39,Broadway,3735,71 Broadway,-74.0122,40.7074
354,872,"-71.0794,42.3459",1,2,de47025fe5e6d20a1360cb3efe8c8348,6/11/16 6:44,32 Garrison Street,4186,32 Garrison Street,-71.0794,42.3459
355,873,"-73.9603,40.7695",1,1,0,6/9/16 1:18,East 72nd Street,3650,200 East 72nd Street,-73.9603,40.7695
356,875,"-73.9915,40.7233",2,2,8c5e2fcf62019d374743f0823df5507e,6/2/16 2:33,Chrystie Street,6695,229 Chrystie Street,-73.9915,40.7233
357,876,"-73.9767,40.7483",1,2,3723bf67620f462eade2834dcc861f1a,6/11/16 5:53,East 38th Street,3400,160 East 38th Street,-73.9767,40.7483
358,877,"-73.9867,40.7219",1,2,b1e9e6b2721bfaf89f1ff0f384dcba76,6/7/16 2:10,Essex Street,4095,179 Essex Street,-73.9867,40.7219
359,878,"-73.9761,40.7937",1,1,9ee9871e5e662aae354a4e140aab7f2c,6/20/16 19:03,Riverside Dr,2700,202 Riverside Dr,-73.9761,40.7937
360,879,"-73.9739,40.7536",1,0,ec12b4db154a9c75983f5e32edd93843,6/29/16 6:13,E 46 St,2350,140 E 46 St,-73.9739,40.7536
361,880,"-73.9726,40.7918",1,2,728707316cb63689a161cfa9d51fd465,6/2/16 2:19,West 92nd Street,4195,201 West 92nd Street,-73.9726,40.7918
362,881,"-73.9955,40.7553",1,0,9ac474eaddc388c582409cba637038a3,6/22/16 3:38,W 37 St.,2378,400 W 37 St.,-73.9955,40.7553
363,883,"-73.9666,40.6838",1,0,71b36489d5856154783f53af04ff3949,6/8/16 2:26,Clinton Avenue,2100,487 Clinton Avenue,-73.9666,40.6838
364,884,"-73.9634,40.799",1,2,c6d6ac07fb6e89efd6bbb7028cb370ce,6/14/16 12:53,Columbus Avenue,3200,926 Columbus Avenue,-73.9634,40.799
365,886,"-73.9227,40.6704",1,2,38e7c29990ab0740c6c6fa964d0346d8,6/8/16 6:11,St. Johns Place,1650,1645 St. Johns Place,-73.9227,40.6704
366,889,"-73.9811,40.7394",1,2,14ff2241d3fdf802e74f3272eaa7f6ef,6/16/16 7:41,E 25 St.,3999,226 E 25 St.,-73.9811,40.7394
367,892,"-73.9828,40.6843",1,2,41fb029dfa8ee96970878c4099d116ac,6/12/16 8:16,274 Dean Street,2887,274 Dean Street,-73.9828,40.6843
368,893,"-73.9484,40.7699",1,1,ec55ba63548c532c12d77030b00ca90c,6/1/16 4:19,E 78 Street,2575,555 E 78 Street,-73.9484,40.7699
369,897,"-73.9516,40.7801",1,0,05b74bc92891e47ee7718f4b9c6f7f1a,6/1/16 5:42,East 89th Street,1750,226 East 89th Street,-73.9516,40.7801
370,898,"-73.9919,40.69",2,2,b7eb566cf478a2ca43e3c5940884f659,6/1/16 2:14,Court Street,4915,125 Court Street,-73.9919,40.69
371,899,"-73.9423,40.7862",1,3,0,6/21/16 1:44,First Avenue,2975,1952 First Avenue,-73.9423,40.7862
372,901,"-73.9905,40.7644",1,2,7d0a8a49b80d9329a3098b15ac8fd1bc,6/1/16 2:29,W 50 Street,4295,439 W 50 Street,-73.9905,40.7644
373,903,"-73.9742,40.7959",2,2,c40e3e74475a91aae1928541be8df678,6/16/16 2:11,West 96th Street,5000,323 West 96th Street,-73.9742,40.7959
374,910,"-73.9938,40.7586",1,2,94cc4a200a2bf2de0b7304f39beb9227,6/1/16 2:41,W 42 St.,3200,420 W 42 St.,-73.9938,40.7586
375,914,"-74.0006,40.7383",1,0,b401b080b557697e91b2d19b5a22fac9,6/23/16 3:33,W 13 Street,2525,205 W 13 Street,-74.0006,40.7383
376,917,"-73.9515,40.7779",1,1,f11bff016a02f774e99f82cd1d94def7,6/3/16 3:24,E 86th St.,3350,305 E 86th St.,-73.9515,40.7779
377,918,"-73.9623,40.7967",1,3,788211d0352e3e5e89ea0f40797cb3c4,6/21/16 7:01,West 103rd Street,3995,17 West 103rd Street,-73.9623,40.7967
378,921,"-74.0036,40.7399",1,3,83ec3cf6c56a458b9f0cc455fee2d000,6/16/16 5:28,West 14th Street,6500,316 West 14th Street,-74.0036,40.7399
379,923,"-73.9804,40.7399",1,1,4e8232f48e9c8e2847a3c3b9b0609e80,6/16/16 5:54,East 26th Street,2300,230 East 26th Street,-73.9804,40.7399
380,925,"-73.9061,40.6799",1,2,4b7b5af1cad665096b3844b06d2b570c,6/15/16 14:38,1997 Eastern Parkway ,2450,1997 Eastern Parkway ,-73.9061,40.6799
381,928,"-74.0311,40.7276",1,1,28970cf24998e1951655245ec9d124d9,6/24/16 2:01,30 River Court,2715,30 River Court,-74.0311,40.7276
382,936,"-73.9452,40.7829",2,2,ca8e91802319bcb1f7d937e82eb3953c,6/24/16 4:41,First Avenue,2800,1845 First Avenue,-73.9452,40.7829
383,937,"-73.9821,40.7317",1,3,1edde1c89233fb1b1a38c53e992b0756,6/11/16 3:57,1st Ave.,4300,252 1st Ave.,-73.9821,40.7317
384,938,"-73.9921,40.7618",1,2,6dbdebea10b40ce8afbefb5da82960c6,6/21/16 7:17,W 46th St,2200,437 W 46th St,-73.9921,40.7618
385,939,"-73.9675,40.7943",1,2,e0f787c39be40769fb269c641078eb50,6/3/16 6:09,Columbus Avenue,3400,784 Columbus Avenue,-73.9675,40.7943
386,941,"-74.0149,40.708",1,3,bb8658a3e432fb62a440615333376345,6/17/16 6:10,Washington Street,4025,90 Washington Street,-74.0149,40.708
387,944,"-73.9638,40.7634",1,0,607b649dc7d022357d0145482288a0b1,6/7/16 2:55,E 63rd St,3100,220 E 63rd St,-73.9638,40.7634
388,945,"-73.9982,40.7568",1,1,96274288c84ddd7d5c5d8e425ee75027,6/10/16 3:49,West 37th Street,3855,505 West 37th Street,-73.9982,40.7568
389,947,"-73.9863,40.745",1,1,ddb09ce9e9a73eb2d2132a7ae9bc4861,6/1/16 5:47,E 29th St.,4095,10 E 29th St.,-73.9863,40.745
390,948,"-73.9922,40.761",1,1,ddc52d135ca9f601f081db1f97604de1,6/21/16 3:12,W 45 Street,2150,425 W 45 Street,-73.9922,40.761
391,953,"-74.0003,40.7407",1,1,0,6/9/16 1:12,West 16th Street,2650,239 West 16th Street,-74.0003,40.7407
392,956,"-73.9757,40.7462",1,0,8e3b8c607c3edcf3de131c24f0390179,6/2/16 6:42,East 36th Street,2550,236 East 36th Street,-73.9757,40.7462
393,958,"-73.9883,40.7322",1,1,5b4cda1f32b2e2a434cd5599d13fd9ab,6/8/16 2:26,E 12 Street,3400,139 E 12 Street,-73.9883,40.7322
394,959,"-73.9847,40.7637",1,0,6052042603d48e042795a0927e67c76f,6/28/16 14:22, Eight ave ,2595,888 Eight ave ,-73.9847,40.7637
395,962,"-74.0148,40.7179",2,2,7b932952de7f92e25ee7acc7eeb3b55c,6/11/16 4:47,Chambers Street,4600,400 Chambers Street,-74.0148,40.7179
396,963,"-73.9544,40.7801",1,1,92283e84587371f01961478aa906b19e,6/20/16 19:01,E 87 Street,1700,165 E 87 Street,-73.9544,40.7801
397,964,"-73.9789,40.7491",1,0,adc60175c23f23a9b3cf3899c7cf4842,6/12/16 12:12,East 38th St,2350,108 East 38th St,-73.9789,40.7491
398,965,"-73.9919,40.69",1,0,0,6/6/16 2:33, Court St.,2780,125  Court St.,-73.9919,40.69
399,967,"-73.8543,40.7357",1,2,74bf7af1172e0a4e74cb6ca39a1e8674,6/20/16 18:07,62nd Rd.,2250,102-45 62nd Rd.,-73.8543,40.7357
400,969,"-73.8382,40.7199",1,2,7a3f36aeeb0bdea976b81b962a0a5c5b,6/25/16 1:22,7272 112th Street,2350,7272 112th Street,-73.8382,40.7199
401,973,"-73.9515,40.7711",1,0,f933107596e7ebae348e77f15e8d99df,6/25/16 3:11,East 78th Street,2150,443 East 78th Street,-73.9515,40.7711
402,975,"-73.966,40.8012",1,2,3ba49a93260ca5df92fde024cb4ca61f,6/15/16 2:28,W 107 St.,3000,210 W 107 St.,-73.966,40.8012
403,976,"-73.9944,40.7518",2,3,d4f23121dc558fba3efe1479257b664e,6/20/16 18:46,West 33rd Street,5903,315 West 33rd Street,-73.9944,40.7518
404,978,"-73.9648,40.7572",1,1,750f265a50473ce6c515bfded25e24f5,6/8/16 5:28,E 55th St.,2750,340 E 55th St.,-73.9648,40.7572
405,979,"-73.9848,40.7635",1,1,93cd24891f8423d45ac587ab1fdb1225,6/26/16 2:39,Eighth Avenue,2855,888 Eighth Avenue,-73.9848,40.7635
406,980,"-73.9311,40.8573",1,0,5c0030a7a268dc3c23fa9c42aa6c47b9,6/9/16 3:17,Broadway Terrace,1350,2 Broadway Terrace,-73.9311,40.8573
407,981,"-73.9695,40.7868",1,2,41f4e2abc8f255d8aa058a10c021f50e,6/14/16 15:23,West 88th Street,3350,24 West 88th Street,-73.9695,40.7868
408,984,"-73.9998,40.7613",1,1,3a956bd42c50f06ac84cf072fc514f5f,6/20/16 18:57,West 42nd Street,3390,650 West 42nd Street,-73.9998,40.7613
409,985,"-73.9515,40.7779",1,1,0,6/10/16 1:18,East 86th Street,3970,305 East 86th Street,-73.9515,40.7779
410,987,"-73.9805,40.7702",2,2,cf63f2398a9daf747ec8c7e5ca2fac31,6/10/16 2:19,25 Central Park West,7400,25 Central Park West,-73.9805,40.7702
411,988,"-73.9969,40.742",1,1,2481aa22a7f71353f64f9605494a0773,6/6/16 2:27,West 20th Street,5400,180 West 20th Street,-73.9969,40.742
412,993,"-73.984,40.7645",2,3,6134e7c4dd1a98d9aee36623c9872b49,6/28/16 2:23,W 54 St.,5200,260 W 54 St.,-73.984,40.7645
413,997,"-73.9376,40.8179",1,1,0,6/10/16 3:31,Lenox Avenue,1990,630 Lenox Avenue,-73.9376,40.8179
414,998,"-73.9902,40.7035",1.5,1,9f136f839101eaec2e89e711a182593b,6/11/16 3:15,1 Main Street,4995,1 Main Street,-73.9902,40.7035
415,1002,"-73.9626,40.7617",1,0,b1ff13eed93ba353d5cc103088276c6e,6/24/16 5:04,E 61 St.,2625,311 E 61 St.,-73.9626,40.7617
416,1004,"-73.8792,40.7441",1,1,197f424f620ea35c776bd3d5b05c3eec,6/21/16 7:53,Elmhurst Ave.,1700,86-15 Elmhurst Ave.,-73.8792,40.7441
417,1007,"-73.9464,40.7222",1,1,0,6/9/16 6:28,Broome Street,2292,250 Broome Street,-73.9464,40.7222
418,1010,"-73.9681,40.7689",1,0,0,6/9/16 1:47,East 67th Street,2850,17 East 67th Street,-73.9681,40.7689
419,1015,"-74.0162,40.7056",1,1,11e1dec9d14b1a9e528386a2504b3afc,6/8/16 3:03,West St.,2550,1 West St.,-74.0162,40.7056
420,1016,"-73.9667,40.7947",2,2,c5c8a357cba207596b04d1afd1e4f130,6/2/16 2:32,Columbus Avenue,6380,808 Columbus Avenue,-73.9667,40.7947
421,1017,"-73.9642,40.65",1,1,0fe7ab0265fd314983ad54361ed7a4bd,6/12/16 13:52,E 17 Th,1600,39 E 17 th,-73.9642,40.65
422,1019,"-73.99,40.7601",1,1,7967a1280bf3f7644500fc79d2696b0e,6/12/16 3:42,West 45th Street,2595,341 West 45th Street,-73.99,40.7601
423,1020,"-73.9789,40.7744",2,3,32ecda64d8f199599de4b86680273432,6/15/16 2:43,W 68 St.,5800,25 W 68 St.,-73.9789,40.7744
424,1021,"-73.9794,40.7804",2,3,07c299cf2583d0397977e39f092b6ab9,6/11/16 1:39,West 75th Street,7600,155 WEST 75TH STREET,-73.9794,40.7804
425,1022,"-74.0053,40.7456",1,1,fa21c83e114de7fd5cedff34e93f4f1a,6/12/16 2:26,West 20th Street,3950,460 West 20th Street,-74.0053,40.7456
426,1023,"-73.9817,40.7397",1,1,d66492cfc7f3d8d9f20a158eaf6b8f3d,6/4/16 5:05,East 25th Street,3395,208 East 25th Street,-73.9817,40.7397
427,1024,"-73.9459,40.8362",1.5,3,1121a7ae08639aabd3b1041373ffbe76,6/7/16 6:04,Riverside Drive,3300,838 Riverside Drive,-73.9459,40.8362
428,1025,"-73.9755,40.7859",1,1,2412fb493a2b1a9f44406b29298e3cd2,6/7/16 4:23,W 84 Street,2475,158 W 84 Street,-73.9755,40.7859
429,1026,"-73.9978,40.7612",1,2,ea9045106c4e1fe52853b6af941f1c69,6/18/16 2:30,W 43 St.,3300,560 W 43 St.,-73.9978,40.7612
430,1027,"-73.9806,40.7444",1,1,dc724f26cb42ea05fd0eee270878aa6b,6/22/16 2:30,East 31st Street,3835,151 East 31st Street,-73.9806,40.7444
431,1030,"-73.9625,40.7993",1,1,42a299772301e00d8e226a4e50050fc7,6/12/16 4:23,Columbus Avenue,2500,943 Columbus Avenue,-73.9625,40.7993
432,1031,"-73.9475,40.7753",1,1,3ced0f0239b82b025800ecf4530e5814,6/15/16 10:19,84th & york ,2195,500.5 east 84th st,-73.9475,40.7753
433,1036,"-74.018,40.7067",1,1,691c71e8c1680624b41775ccbd61b16a,6/8/16 5:44,Battery Place,2525,50 Battery Place,-74.018,40.7067
434,1037,"-73.9908,40.703",1.5,2,2207347149c9d445c10bf00ac6aa4497,6/12/16 13:26,30 Main Street,5600,30 Main Street,-73.9908,40.703
435,1038,"-73.9923,40.66",1,1,8a41eceb99db184c395cacbf91ff07a6,6/5/16 3:28,22nd Street,1900,283 22nd Street,-73.9923,40.66
436,1039,"-73.9478,40.773",1,2,0,6/29/16 1:38,East 82nd Street,3495,519 East 82nd Street,-73.9478,40.773
437,1041,"-73.9487,40.7845",2,3,06d5d2f70c8078ab02f7fc716963955e,6/22/16 5:25,E 95th St,3995,225 E 95th St,-73.9487,40.7845
438,1044,"-73.9628,40.7593",1,2,ac5e14237f6870c8bdf9ca23cb2ca4b2,6/4/16 6:10,East 58th Street,3437,351 East 58th Street,-73.9628,40.7593
439,1045,"-74.0149,40.708",1,3,bb8658a3e432fb62a440615333376345,6/14/16 15:48,Washington,3520,90 Washington,-74.0149,40.708
440,1047,"-73.9995,40.7393",1,0,32faddda02bede80ae68f0ce1a7f2d61,6/14/16 2:21,W 15 St.,2495,200 W 15 St.,-73.9995,40.7393
441,1048,"-73.9805,40.743",1,1,fc0fd20af820abb53857cc1ec4b6a2c7,6/3/16 2:12,E 29th St,3865,155 E 29th St,-73.9805,40.743
442,1053,"-73.9772,40.7412",1,1,a01c99eb2cfdde327e1691e17d6696ba,6/28/16 5:20,East 29th Street,2999,340 East 29th Street,-73.9772,40.7412
443,1056,"-73.9669,40.8021",1,3,d7c8c77f4fc41687f6e5c24f1e791fcb,6/24/16 4:37,W 107 St.,3495,243 W 107 St.,-73.9669,40.8021
444,1058,"-73.9957,40.7427",2,3,0372927bcb6a0949613ef5bf893bbac7,6/1/16 6:11,West 21st Street,5290,155 West 21st Street,-73.9957,40.7427
445,1060,"-73.974,40.7538",1,1,0,6/16/16 1:15,East 46th Street,3200,140 East 46th Street,-73.974,40.7538
446,1063,"-73.9933,40.7366",1,0,c0ae658e2ffa1d5bfbc2c2625b6d766d,6/16/16 6:23,5th Avenue,2800,96 5th Avenue,-73.9933,40.7366
447,1064,"-73.9609,40.6515",1,3,bdd1d5a762ed43a24f253696d87661bb,6/9/16 18:03,Ocean Avenue / Caton Avenue,2600,465 Ocean Avenue ,-73.9609,40.6515
448,1065,"-74.0148,40.7091",1,1,a2f5214c9eacd965ef1a7fc368401574,6/7/16 2:30,West Street,3450,75 West Street,-74.0148,40.7091
449,1066,"-73.9787,40.7269",2,4,4e265d19a4a54697c1ee139a8ea39b06,6/1/16 5:24,East 11th Street,5700,620 East 11th Street,-73.9787,40.7269
450,1067,"-73.9865,40.7348",1,3,300d27d8ba2adbcbc8c6f2bcbc1c6f9d,6/11/16 3:45,E 16th St.,4900,145 E 16th St.,-73.9865,40.7348
451,1071,"-73.94,40.8223",1,1,0,6/14/16 12:50,W 145,1800,219 W 145,-73.94,40.8223
452,1075,"-73.9839,40.7307",1.5,4,39b6592151e3b2160e6eac3c4aa7b83a,6/2/16 7:11,E 13th St.,5800,346 E 13th St.,-73.9839,40.7307
453,1076,"-74.036,40.6358",1,3,27f2724b23b78629b473dd2e4ed19250,6/12/16 12:06,31 72nd Street,2300,31 72nd street,-74.036,40.6358
454,1078,"-73.9663,40.7585",1,0,79fed3ed2bd5ed8e31e3e82724bb6b7f,6/2/16 4:53,Second Avenue,1900,1055 Second Avenue,-73.9663,40.7585
455,1083,"-74.0003,40.7349",1,0,b1f2771d3861117df3bb212af9b0a7c0,6/22/16 2:11,"Greenwich Ave,",3495,"33 Greenwich Ave,",-74.0003,40.7349
456,1084,"-73.9952,40.7606",2,3,92fe849602cab34ac52bb33e3932baa6,6/15/16 3:11,10 Ave.,4500,595 10 Ave.,-73.9952,40.7606
457,1087,"-73.9577,40.7676",1,1,16db33d050d432fd8ea720b638a5bf3a,6/24/16 8:30,E 71,2700,323 E 71,-73.9577,40.7676
458,1088,"-73.9877,40.7643",1,3,b7bda8f61876ecad3547c2fc5d4ef850,6/2/16 4:13,W 52 Street,3800,366 W 52 Street,-73.9877,40.7643
459,1089,"-74.0035,40.7275",1,1,0,6/3/16 1:46,Sixth Avenue,2800,213 Sixth Avenue,-74.0035,40.7275
460,1090,"-73.9416,40.8163",1,0,0,6/10/16 1:13,West 137th Street,1662,137 West 137th Street,-73.9416,40.8163
461,1091,"-74.0069,40.7074",1,0,c94301249b8c09429d329864d58e5b82,6/4/16 3:54,Gold Street,2770,2 Gold Street,-74.0069,40.7074
462,1092,"-73.948,40.7842",2,2,8bb596a577d029e5cbc56baf134c73b7,6/7/16 1:39,East 95th Street,4370,205-235 East 95th Street,-73.948,40.7842
463,1093,"-74.0046,40.7073",1,2,80a120d6bc3aba97f40fee8c2204524b,6/1/16 6:11,Water Street,2600,200 Water Street,-74.0046,40.7073
464,1094,"-73.9764,40.7839",1,2,0,6/29/16 1:12,West 81st Street,3300,158 West 81st Street,-73.9764,40.7839
465,1096,"-74,40.7285",1,0,3cc586423f9e977a0f991b010242baa6,6/21/16 2:40,Bleecker Street,3100,160 Bleecker Street,-74,40.7285
466,1097,"-73.9618,40.8003",1,1,0a7a527bbc21f14dda39af5085bc6bb2,6/8/16 2:14,Columbus Ave,1900,973 COLUMBUS AVE,-73.9618,40.8003
467,1099,"-73.9518,40.7802",1,1,d340cafea0c4f7e82449e07b1a4a24bd,6/22/16 5:41,East 89th Street,2300,222 East 89th Street,-73.9518,40.7802
468,1105,"-73.9625,40.7993",1,1,42a299772301e00d8e226a4e50050fc7,6/5/16 2:54,Columbus Ave.,2395,943 Columbus Ave.,-73.9625,40.7993
469,1107,"-73.9498,40.7845",2,2,0,6/21/16 19:16,UPPER EAST 2BR & 2BATH PERFECTION!,4310,E 95 & THRID,-73.9498,40.7845
470,1111,"-73.9501,40.7682",2,2,50134b8222e5b1cd0ecf2afc2297d0f4,6/8/16 2:11,530 East 76th Street,7750,530 East 76th Street,-73.9501,40.7682
471,1114,"-73.9934,40.7366",1,1,c0ae658e2ffa1d5bfbc2c2625b6d766d,6/11/16 6:03,Fifth Avenue,3500,96 Fifth Avenue,-73.9934,40.7366
472,1115,"-73.9574,40.7659",1,2,0,6/2/16 3:26,First Avenue,2600,1685 First Avenue,-73.9574,40.7659
473,1117,"-73.9594,40.7738",1,1,195629fb6278370e4a127427cb92c41e,6/24/16 11:07,Lexington Avenue,3200,1109 Lexington Avenue Apt # 2,-73.9594,40.7738
474,1118,"-73.9837,40.7783",1,1,12ffe84a07069e13c240318a44f8d32a,6/28/16 3:35,West 71st Street,3665,228 West 71st Street,-73.9837,40.7783
475,1119,"-74.0027,40.7209",1,3,ee280e4ebd493e532121cb63f54b6069,6/15/16 5:26,Soho meets Tribeca,5600,336 Canal Street,-74.0027,40.7209
476,1120,"-73.9619,40.7656",1,1,cc69da38b38bf56277fe8c9bb7a069b5,6/21/16 3:44,East 66th Street,3050,221 East 66th Street,-73.9619,40.7656
477,1133,"-73.9773,40.785",1,2,1895c2bb09cdd43afa51fe0c5df69755,6/21/16 5:25,Amsterdam Avenue,2865,450 Amsterdam Avenue,-73.9773,40.785
478,1135,"-73.9896,40.7341",1,0,9c926bb8e5354ae22f3ebaaa3d1ee282,6/2/16 3:07,Fourth Avenue,3725,145 Fourth Avenue,-73.9896,40.7341
479,1137,"-73.9838,40.7244",1,3,e99cd546acd710be607104c44175a2e0,6/9/16 1:41,East 5th Street,3500,512 East 5th Street,-73.9838,40.7244
480,1142,"-74.0081,40.7074",1,2,a6200d7448037cfee809b2451219f879,6/12/16 2:33,Liberty Street,4595,10 Liberty Street,-74.0081,40.7074
481,1144,"-73.9773,40.7267",1,3,f44cdef56f5fb6adfea7d4296dca0006,6/7/16 6:20,East 11th Street,4500,647 East 11th Street,-73.9773,40.7267
482,1148,"-73.9838,40.7586",1,0,18f6eb16d2f3e9885cb4a5d0a40791c6,6/17/16 2:26,West 47th Street,2200,150 West 47th Street,-73.9838,40.7586
483,1152,"-74.0077,40.7065",2,3,c9b5ba9bc3196fa92db7a662db0259e8,6/25/16 3:10,Pine Street,5995,70 Pine Street,-74.0077,40.7065
484,1159,"-74.0186,40.6426",1,0,a97afff23f44ea5d8ea36e83f3aa1576,6/2/16 3:43,58th Street,1500,336 58th Street,-74.0186,40.6426
485,1162,"-73.924,40.8679",1,2,04d9c09943370b4d2ea48a47e44c028c,6/9/16 2:54,W 204 Street,1875,686 W 204 Street,-73.924,40.8679
486,1165,"-73.9762,40.7479",1,0,0,6/25/16 1:38,Third Avenue,2395,571 Third Avenue,-73.9762,40.7479
487,1167,"-73.94,40.8192",1,4,0,6/25/16 3:38,W 142nd Street,3450,148 W 142nd Street,-73.94,40.8192
488,1169,"-73.9935,40.7301",1.5,2,766fee7eb49a9a822dae64dafb5d8320,6/6/16 5:24,Mercer Street,6045,300 Mercer Street,-73.9935,40.7301
489,1170,"-73.9862,40.7514",2,3,80911ce8a425daf4989ea8a4bccc41a7,6/10/16 2:59,6 Ave.,4676,990 6 Ave.,-73.9862,40.7514
490,1171,"-73.9811,40.7398",1,0,59bc231f684fdb65e0588e023d229d2e,6/9/16 6:15,E 25th St.,3850,219 E 25th St.,-73.9811,40.7398
491,1176,"-73.9761,40.7937",1,1,9ee9871e5e662aae354a4e140aab7f2c,6/17/16 6:10,Riverside Drive,2750,202 Riverside Drive,-73.9761,40.7937
492,1177,"-73.9884,40.7498",1,2,093f64f52a6e43ba5e8f12bec8200554,6/4/16 5:53," Midtown West, 6th Ave ",3600,50 West 34th Street,-73.9884,40.7498
493,1179,"-74.0111,40.7061",1,1,0,6/7/16 1:13,Broad Street,4390,25 Broad Street,-74.0111,40.7061
494,1180,"-73.9208,40.8653",1,3,0,6/3/16 5:56,211 Sherman Avenue,2895,211 Sherman Avenue,-73.9208,40.8653
495,1181,"-74.0157,40.7069",1,0,0de97434d3c89fde23d42429f5867ae0,6/2/16 7:09,West Street,2400,20 West Street,-74.0157,40.7069
496,1182,"-73.9531,40.8242",1,2,0,6/29/16 3:32,West 141 St.,2350,610 West 141 St.,-73.9531,40.8242
497,1183,"-73.9756,40.7826",1,0,3625b3408866419ecc249b85b9364b1b,6/29/16 5:07,W 80th St,2595,102 W 80th St,-73.9756,40.7826
498,1184,"-73.8643,40.7209",1,2,69132f5119e85a9f5ddd8e3b4ad187e4,6/12/16 3:27,Fitchett St,2000,64-47 Fitchett St,-73.8643,40.7209
499,1185,"-73.9464,40.7805",1,2,52080fcf0bc0830714121bbc2e93b0ec,6/4/16 5:57,East 92nd Street,3400,408 East 92nd Street,-73.9464,40.7805
500,1187,"-73.9903,40.7751",3,3,77f3b5c6661c1b18a813cc1d5ad7f581,6/5/16 2:16,Riverside Boulevard,18000,80 Riverside Boulevard,-73.9903,40.7751
501,1189,"-73.9838,40.7586",1,2,18f6eb16d2f3e9885cb4a5d0a40791c6,6/3/16 5:40,West 47th Street,3600,150 West 47th Street,-73.9838,40.7586
502,1190,"-73.9514,40.7712",1,0,f933107596e7ebae348e77f15e8d99df,6/16/16 8:02,E 78 St.,2200,443 E 78 St.,-73.9514,40.7712
503,1196,"-73.9915,40.7678",1,2,9c18bf871b97492b96d8ddb800591f1b,6/22/16 5:27,"  Hell's Kitchen, Midtown West ",3500,550 West 54th Street,-73.9915,40.7678
504,1198,"-73.9827,40.7183",1,2,c66717d101464f1ad686b26230b9ef86,6/16/16 7:11,Pitt Street,2650,85 Pitt street,-73.9827,40.7183
505,1200,"-73.9509,40.7735",1,1,d8afa114e9be93e1a6fd9370a2214837,6/13/16 2:45,E 81st St.,2600,409 E 81st St.,-73.9509,40.7735
506,1201,"-73.9525,40.7789",1,1,55bd05940daffe4b0f5b7374ffd37f3b,6/1/16 2:34,E 87 Street,2750,226 E 87 Street,-73.9525,40.7789
507,1202,"-73.983,40.7636",1,0,49a0ffcf209a630c79e6bc29f79df7ba,6/14/16 11:52,211 W 53 St.,2195,211 W 53 St.,-73.983,40.7636
508,1204,"-73.9875,40.7318",1.5,3,5a96007b64fae8744f64ff40804cd82c,6/10/16 5:59,E 12th St.,5550,201 E 12th St.,-73.9875,40.7318
509,1206,"-73.996,40.733",2,2,22bb41b4c5d4f19e38abf1ce17a39f0c,6/21/16 7:51,5th Ave.,7800,24 5th Ave.,-73.996,40.733
510,1211,"-73.9646,40.7991",1,1,1bd24d2906d981ec60703de71921dd2e,6/25/16 10:58,West 105th street,1995,82 West 105th street,-73.9646,40.7991
511,1212,"-73.9883,40.7206",1,3,3211d96265737f079d44b9d27dfcbe37,6/24/16 5:44,Ludlow Street,4995,143 Ludlow Street,-73.9883,40.7206
512,1216,"-73.9804,40.7289",1,2,f5c09971b8e36d2e45dde910a534058f,6/15/16 3:56,East 12th Street,2975,515 East 12th Street,-73.9804,40.7289
513,1220,"-73.9546,40.7724",1,1,b4d4ec4279eecd0a9f9707a12b4bb18d,6/22/16 2:27,East 78th Street,2750,313 East 78th Street,-73.9546,40.7724
514,1221,"-73.9909,40.7448",1,1,d0abe4831a16dccf81693660ad670463,6/29/16 4:29,West 26th Street,4181,55 West 26th Street,-73.9909,40.7448
515,1225,"-74.0046,40.7073",1,0,80a120d6bc3aba97f40fee8c2204524b,6/14/16 15:37,Water Street,3700,200 Water Street,-74.0046,40.7073
516,1226,"-73.984,40.747",1,1,2454e24716f0ab99bceda6bd7757422e,6/8/16 2:32,Madison Avenue,4295,160 Madison Avenue,-73.984,40.747
517,1228,"-73.983,40.7225",1,0,9298a463e319e78d895526ab575c15cb,6/21/16 5:05,29 Avenue B,2300,29 Avenue B,-73.983,40.7225
518,1230,"-73.9797,40.7456",1,1,9174b75c0cd978eb0e5aa93afbad754b,6/12/16 13:46,East 33rd Street,4195,141 East 33rd Street,-73.9797,40.7456
519,1231,"-73.9529,40.7815",1,1,1e354ef79c2d18d0da4acbdbb2361a5d,6/25/16 5:28,East 90th Street,2800,168 East 90th Street,-73.9529,40.7815
520,1232,"-74.0036,40.716",2,3,de12cad426680d57133fb1738c07f382,6/1/16 3:22,Worth St.,5600,111 Worth St.,-74.0036,40.716
521,1234,"-73.9659,40.6736",1,2,ae2a7ca4e12efe7f93c7762ceeea4d03,6/12/16 4:35,Lincoln Pl,3000,311 Lincoln Pl,-73.9659,40.6736
522,1236,"-73.9758,40.7874",1,2,f8901603f8cc079e7adb4262a2971461,6/28/16 5:41,W 85 St.,3290,203 W 85 St.,-73.9758,40.7874
523,1241,"-73.9895,40.7291",1,2,9c2670d5a63d35d05ead7b06d545f0e0,6/13/16 2:45,St Marks Place,3495,8 St Marks Place,-73.9895,40.7291
524,1242,"-73.9989,40.7611",1,1,0,6/13/16 5:26,W 42,4380,605 W 42,-73.9989,40.7611
525,1245,"-73.9597,40.7603",1.5,1,0f0c53a322afb0c819b2730fd6f3186b,6/1/16 2:25,E 61st St.,4000,420 E 61st St.,-73.9597,40.7603
526,1250,"-73.9548,40.6554",1,1,0,6/21/16 6:32,Clarkson Ave,2750,149 Clarkson Ave,-73.9548,40.6554
527,1255,"-73.9503,40.7863",1,1,d841b72ceb9e572005bfc49d426a0fd9,6/27/16 3:08,Lexington Ave,3150,1501 Lexington Ave,-73.9503,40.7863
528,1263,"-74.0096,40.7141",2,2,929a5d1d6720055e7d008c987e86d415,6/11/16 5:21,Murray Street,7700,50 Murray Street,-74.0096,40.7141
529,1267,"-73.9504,40.7611",1,3,1848e582bc4599c1048fe99e3b250b94,6/10/16 3:35,Main Street,2995,510 Main Street,-73.9504,40.7611
530,1276,"-74.0009,40.7338",1,1,cde0915000d457a59bb33fd3e6094e1d,6/12/16 14:05,Christopher Street,5295,30 Christopher Street,-74.0009,40.7338
531,1279,"-73.9446,40.7904",1,2,065b4585c20d5b74e31dd4419de550fb,6/14/16 15:22,East 105th Street,2495,212 East 105th Street,-73.9446,40.7904
532,1280,"-73.9979,40.7177",1,3,0,6/4/16 1:24,Mulberry Street,4995,120 Mulberry Street,-73.9979,40.7177
533,1283,"-73.9958,40.753",1,2,d0234abbc01a982d54e8d446acc03405,6/5/16 2:21,West 34th Street,3190,360 West 34th Street,-73.9958,40.753
534,1286,"-73.9757,40.7462",1,0,8e3b8c607c3edcf3de131c24f0390179,6/13/16 2:24,E 36th St.,2600,236 E 36th St.,-73.9757,40.7462
535,1290,"-74.0031,40.7288",1,1,0,6/1/16 5:00,West Houston Street,2800,178 West Houston Street,-74.0031,40.7288
536,1293,"-73.9915,40.7678",1,1,9c18bf871b97492b96d8ddb800591f1b,6/10/16 3:59,West 54th Street,4604,550 West 54th Street,-73.9915,40.7678
537,1294,"-73.9895,40.7023",1,0,05932db3a59e396c788d27f3dd703a87,6/6/16 3:24,Washington Street,2665,65 Washington Street,-73.9895,40.7023
538,1298,"-73.9731,40.7936",1,1,54308f91de1001ecdc3ef1ca59d9adb4,6/29/16 17:32,West 94th Street,4465,255 West 94TH Street,-73.9731,40.7936
539,1300,"-73.994,40.6976",1,1,608bc4ea092e05189e2e67f1d073451d,6/21/16 6:27,Clark Street,3100,52 Clark Street,-73.994,40.6976
540,1304,"-74.0022,40.7306",1,3,89a7bc0f896e2d06828d819b59b5139b,6/25/16 6:03,Carmine St.,5295,7 Carmine St.,-74.0022,40.7306
541,1305,"-73.9743,40.7439",1,1,bfb9405149bfff42a92980b594c28234,6/2/16 2:27,East 34th Street,3360,340 East 34th Street,-73.9743,40.7439
542,1307,"-74.0043,40.7075",1,2,80a120d6bc3aba97f40fee8c2204524b,6/1/16 6:04,Water,3025,200 Water,-74.0043,40.7075
543,1308,"-73.9603,40.8136",1,1,0,6/12/16 1:33,Broadway,1795,3133 Broadway,-73.9603,40.8136
544,1316,"-73.9496,40.7803",1,0,f08e0056116d88f910c3ec4bb553aeb7,6/16/16 2:54,E 90 Street,1825,302 E 90 Street,-73.9496,40.7803
545,1318,"-74.0051,40.7304",1,1,de8f00968f01b80ab9d805a92fc5d654,6/29/16 5:06,Leroy Street,3695,53 Leroy Street,-74.0051,40.7304
546,1321,"-73.9469,40.774",1,0,7d868127449e9da84b0c4fc058c0b21f,6/24/16 2:25,E 84 Street,1900,520 E 84 Street,-73.9469,40.774
547,1323,"-73.9199,40.8667",1,1,0,6/23/16 1:36,Vermilyea Avenue,1525,149 Vermilyea Avenue,-73.9199,40.8667
548,1325,"-73.9217,40.8666",1,2,b86008baed0fd35adebb6637e5264d84,6/28/16 4:14,Vermilyea Ave,2080,120 Vermilyea Ave,-73.9217,40.8666
549,1327,"-73.9886,40.7656",1,0,a433bb20f3f94e3f3e6700286e351638,6/8/16 2:29,W 53rd St.,2900,410 W 53rd St.,-73.9886,40.7656
550,1328,"-73.9835,40.7673",1,1,85e629802abbf33a5107d5b80bf1e4e8,6/24/16 8:21,West 57th Street,2675,313 West 57th Street,-73.9835,40.7673
551,1330,"-73.9599,40.8011",1,1,16c48a10b95d51264d4afb4aff0aad73,6/27/16 14:36,CATHEDRAL PKWY- $200 Amex Gift Cards,2500,354 CATHEDRAL PKWY,-73.9599,40.8011
552,1332,"-73.9903,40.7486",2,4,5443e4c4f6eef3e2b17e22f9f6d32165,6/14/16 15:22,W 31st St.,7850,125 W 31st St.,-73.9903,40.7486
553,1336,"-73.9818,40.6798",1,1,578d2cd36b02011a88999bb59b30377a,6/16/16 2:23,Fourth Avenue,3700,150 Fourth Avenue,-73.9818,40.6798
554,1338,"-73.9851,40.7437",2,2,8dbdafdf2f5f3ac31ecd0c41c6858669,6/12/16 5:45,E 28th St,8480,50 E 28th St,-73.9851,40.7437
555,1339,"-73.9416,40.8366",1,1,40813b38a341deb52cf296c53643364a,6/12/16 12:51,West 162nd Street,1900,544 West 162nd Street,-73.9416,40.8366
556,1340,"-73.9958,40.753",1,1,d0234abbc01a982d54e8d446acc03405,6/28/16 1:39,West 34th Street,3500,360 West 34th Street,-73.9958,40.753
557,1341,"-73.9487,40.7841",1,1,8bb596a577d029e5cbc56baf134c73b7,6/11/16 4:39,E 95th St,2759,235 E 95th St,-73.9487,40.7841
558,1343,"-73.9837,40.6598",1,0,ee697e514830c83d949bcfaa48448768,6/12/16 12:38,Prospect Ave,1625,432 Prospect Ave,-73.9837,40.6598
559,1346,"-73.95,40.7709",1,0,592b2d1ce94509e6703b892107030695,6/1/16 5:56,E 79th St,1850,504 E 79th St,-73.95,40.7709
560,1347,"-73.9538,40.7837",2,2,8b4babec70084a44f7b14506bd569a77,6/18/16 2:56,92nd + Park Ave,7150,115 E 92 Street,-73.9538,40.7837
561,1348,"-73.9572,40.7777",1,0,f76ac50f3adbbceda9146bfdd3dc4235,6/2/16 4:52,E 83 St.,2290,131 E 83 St.,-73.9572,40.7777
562,1353,"-73.9917,40.7709",1,0,0,6/23/16 4:04,West 57st,2700,601 West 57st,-73.9917,40.7709
563,1354,"-73.9529,40.7671",1,1,0,6/26/16 4:03,E 73rd St,3350,502 E 73rd St,-73.9529,40.7671
564,1356,"-73.984,40.7284",1,0,0,6/6/16 1:10,East 10th Street,2450,254 East 10th Street,-73.984,40.7284
565,1357,"-74.0016,40.737",1,3,046f3a231658321a14a75e7769f4e3a6,6/16/16 3:12,Bank Street,6500,2 Bank Street,-74.0016,40.737
566,1358,"-73.9782,40.7447",1,2,a1bd0631f4febfb498e34b7cf68bcfb1,6/22/16 6:39,East 33rd Street,3350,200 East 33rd Street,-73.9782,40.7447
567,1360,"-73.9839,40.7316",1,2,04bfd6f28be788e8c9ff61deb8f39f6c,6/21/16 11:28,K.R. - AMAZING DEAL! 2 Bedroom Apartment - East Village! Newly Renovated & Great Price!,3900,328 e 14th street,-73.9839,40.7316
568,1366,"-73.9868,40.7018",1,1,ab3c541b86a7622e6e5fff63a62a1673,6/6/16 3:17,Jay Street,3400,100 Jay Street,-73.9868,40.7018
569,1374,"-73.9929,40.7597",1,1,408d54e3447c52bb06a3f882b4d1d8c3,6/10/16 2:35,W 43 Street,2050,417 W 43 Street,-73.9929,40.7597
570,1378,"-73.9378,40.6806",1,1,f927bb92891ad994a9cf4b05df929f45,6/8/16 5:35,Marcus Garvey,2400,472 Marcus Garvey,-73.9378,40.6806
571,1379,"-73.9743,40.7521",1.5,1,8ea4dff47cd833a36cce08a518c4c3c3,6/14/16 15:47,E 44th St.,4700,150 E 44th St.,-73.9743,40.7521
572,1383,"-73.9993,40.7436",1,2,14a5c6e4fd73c5dedc652adf96a8af22,6/22/16 15:55,W 21,2800,306 W 21,-73.9993,40.7436
573,1385,"-73.9566,40.7704",3,3,0,6/11/16 1:12,East 75th Street,7195,300 East 75th Street,-73.9566,40.7704
574,1388,"-73.8487,40.7286",1,2,9babefc1b361dac9c1c7ef651a4fd97a,6/9/16 5:22,67th Ave.,2384,98-30 67th Ave.,-73.8487,40.7286
575,1390,"-73.9412,40.6767",1,3,0,6/1/16 5:44, Kingston Ave.,2350,95  Kingston Ave.,-73.9412,40.6767
576,1392,"-73.9761,40.7479",1,0,072a4a64390337c97e4b9497e7948756,6/16/16 7:12,Third Avenue,2300,569 Third Avenue,-73.9761,40.7479
577,1393,"-73.951,40.7228",2,2,028bc2dc1f733c5bf5b4416eeaab4635,6/27/16 3:19,872 Lorimer Street,3100,872 Lorimer Street,-73.951,40.7228
